new_id,NAME,ALAND,Pop,PopDen,Respirator,Count,Median_hou,Margin_of_,EV1,tr_Respira,tr_Medin,tr_PopDen
1,De Baca,6016819484,9157,3.941722045,0,0,31028,6138,0.061247041,0,0.083556279,1.371617695
2,Menard,2336237985,10615,11.7680006,0,0,40606,9606,-0.018492017,0,0.078331844,2.465384034
3,Hale,2602109438,170566,169.7722369,38.6,69,47080,2713,0.009254882,14.39490266,0.075599557,5.134457756
4,Armstrong,2354581675,9430,10.37284043,0,0,66563,8051,0.007956282,0,0.069570337,2.339190893
5,Saguache,8206547694,32341,10.20687299,0,0,34410,5288,0.14373601,0,0.081507145,2.323061316
6,Adair,1485822410,110563,192.7270501,53.9,75,32986,2093,-0.006408966,18.36791236,0.082338108,5.26127494
7,Otero,17126456771,328724,49.71227682,38.9,164,42752,2422,0.041613236,14.47648781,0.077369618,3.906251921
8,Catron,17933557078,17697,2.555835956,20.6,10,42480,6192,0.023511368,9.101711614,0.077488226,0.938379355
9,Calhoun,1312707008,109035,215.1284699,39.2,57,55469,4258,-0.011915509,14.55790325,0.072682176,5.371235384
10,Clay,2819870070,51934,47.700446,50.7,43,51191,3678,-0.046568056,17.56530966,0.07409579,3.864940748
11,Sequoyah,1743779418,206793,307.1454247,62.9,180,38328,1622,-0.016180845,20.55961469,0.079424799,5.727321332
12,Orange,864489137,420236,1259.02246,55.3,289,55700,2395,-0.012128445,18.71497907,0.072609719,7.138090874
13,Greenwood,2961143633,30779,26.92122365,59.8,30,42595,2875,-0.004127071,19.81489906,0.077437965,3.292914959
14,Gonzales,2762704863,103337,96.87709809,35.3,47,53006,3721,-0.037514643,13.48576337,0.073478789,4.573443145
15,Fannin,2307250914,170875,191.815397,57.3,140,50761,1798,-0.074940496,19.20670536,0.074245948,5.256533435
16,Doniphan,1019105692,38682,98.30813505,67.7,38,49338,3952,-0.000212283,21.69350509,0.074754343,4.588106781
17,Kerr,2857601859,256827,232.7762798,35.8,186,52473,2685,-0.021451298,13.62494034,0.07365723,5.45007782
18,Republic,1857998461,23428,32.65800337,37.4,18,48022,3895,0.000767448,14.06683099,0.075240962,3.486089952
19,Canadian,2322292275,683548,762.3456096,43.7,304,71157,1481,-0.03404092,15.75982712,0.068464867,6.636400009
20,Refugio,1995545559,36181,46.95898301,34.2,20,48112,5652,-0.013284781,13.17768304,0.075207159,3.849274519
21,Sedgwick,1419419130,11750,21.44010839,55.9,11,45188,6445,0.009534667,18.8629937,0.076347435,3.065263392
22,Decatur,2314199316,14404,16.12063392,48.6,17,44104,4161,0.010619792,17.03116971,0.076793646,2.780100062
23,Jim Hogg,2942674729,26409,23.24392476,0,0,32049,5659,-0.004182396,0,0.082909544,3.146043797
24,Cheyenne,4605713965,9258,5.206189568,0,0,55227,5083,0.063839465,0,0.072758486,1.649848219
25,Dimmit,3441795368,53314,40.11954379,29.3,17,27832,6110,-0.006050571,11.77100009,0.085764852,3.691863592
26,Phillips,2294395639,27038,30.52151024,44,19,48272,1690,0.006092262,15.83873359,0.075147256,3.418431689
27,Custer,1913031959,23202,31.41253324,18.9,10,44644,9674,0.084815858,8.54706717,0.076569684,3.447206961
28,Nolan,2362061743,74831,82.05216929,42.8,42,44346,4193,-0.008017827,15.52222418,0.07669286,4.407355256
29,Brazos,1516472390,1095966,1871.812477,28.1,213,46839,1913,-0.036051729,11.41709497,0.075692731,7.534662479
30,Marshall,962335020,81881,220.3721008,67.2,88,45828,2396,-0.058709087,21.57642904,0.076090175,5.395317485
31,Lyon,2194985525,166494,196.4566304,40.4,78,44191,3806,-0.002122286,14.8819005,0.076757334,5.280441696
32,Hamilton,2580958328,13080,13.12582215,0,0,45000,8976,0.043854345,0,0.076423865,2.574581447
33,Jefferson,2269793029,1276050,1456.06646,43.4,631,48463,1193,-0.012730688,15.68077425,0.07507607,7.283493873
34,La Plata,4376522013,275506,163.0428312,19.3,62,64372,2658,0.051538402,8.678743152,0.070131434,5.094012935
35,Bell,2722825522,1711180,1627.70481,48.7,695,54184,815,-0.065569248,17.05674441,0.073092185,7.39492621
36,Bandera,2048666855,108817,137.5704543,41.8,83,53683,4866,-0.020292584,15.25663252,0.073255321,4.924136181
37,Union,9906866299,20874,5.457190838,0,0,37936,4381,0.123452885,0,0.079621001,1.696934159
38,Wallace,2366348284,7537,8.249347796,0,0,58875,13604,0.052204072,0,0.071650063,2.110134142
39,Hidalgo,4068610451,4246945,2703.524381,19.9,708,38398,891,-0.001932128,8.874885236,0.079390024,7.902311527
40,San Juan,1003660616,3561,9.189351314,0,0,46563,9920,0.038148668,0,0.075800169,2.218045348
41,Riley,1579168236,376482,617.4696006,37.6,96,49910,2479,-0.000363314,14.12170474,0.074547826,6.425629838
42,Schleicher,3394546070,15307,11.67906671,0,0,55677,15264,-0.006668444,0,0.072616916,2.457798069
43,Grayson,2416020062,642798,689.0865048,50.7,431,54370,1905,-0.080460464,17.56530966,0.073032095,6.535366814
44,Ellis,2330762299,144392,160.4519175,34,56,52700,4242,0.013518708,13.12138291,0.07358096,5.077994318
45,Pratt,1903740948,47908,65.17783847,48.6,36,54029,3674,0.006203631,17.03116971,0.073142456,4.17711951
46,Lane,1858080226,7995,11.14432505,0,0,51719,11522,0.019505057,0,0.073913535,2.410930404
47,Harper,2691041192,19234,18.51181622,43.9,13,50114,8214,0.009338234,15.81244762,0.074474882,2.918409243
48,Crosby,2331503433,29305,32.55408031,51.3,20,37899,3153,0.000861813,17.71681607,0.079639649,3.482902716
49,Alfalfa,2244107619,29283,33.79649414,39.9,18,59569,3294,-0.005718569,14.74722186,0.071448831,3.520357074
50,Delta,665192127,26077,101.5337182,60.5,25,46138,5456,-0.066912406,19.9839541,0.075967161,4.620390943
51,Zavala,3360268880,60656,46.7519254,18.6,11,30988,5991,-0.005622812,8.447816063,0.083582152,3.84485544
52,Rockwall,329213365,468208,3683.503919,31.8,139,94767,3323,-0.055500214,12.49602247,0.063914926,8.21161973
53,Trego,2303727353,14291,16.06687091,48.5,14,56810,6910,0.015799507,17.0055808,0.072266671,2.776759445
54,Eastland,2399637922,91352,98.59890854,44.1,66,35325,2490,-0.054210559,15.86500343,0.080995386,4.591060192
55,DeWitt,2354237927,102176,112.4082817,49.3,72,53779,5425,-0.021461599,17.20989621,0.073223915,4.722137615
56,Angelina,2066245670,438035,549.0686158,48.6,261,47714,1985,-0.053521265,17.03116971,0.075357243,6.308223417
57,McLennan,2686132776,1242146,1197.691406,41.1,560,48199,1254,-0.067335682,15.06969734,0.075174556,7.088151154
58,Lamar,2349588921,247658,272.9984868,57.7,207,43562,2785,-0.05614398,19.30449049,0.077021882,5.609466252
59,Leon,2779462025,85490,79.66257427,50.5,77,44818,6788,-0.057999107,17.51470013,0.076498234,4.377799893
60,Pitkin,2514104904,89543,92.24609905,10.1,10,71244,5939,0.067448308,5.409468583,0.068444792,4.524459995
61,Lincoln,2466497920,174272,182.9981191,56.3,133,49362,1963,-0.028906089,18.9614318,0.074745619,5.209475874
62,Greeley,2016057904,6339,8.143620264,0,0,51250,8034,0.061267657,0,0.074075309,2.097234831
63,Stonewall,2373238700,6940,7.573869413,0,0,48000,15538,-0.008398509,0,0.075249237,2.024704088
64,McMullen,2952065878,3989,3.499755909,0,0,68750,16747,-0.010160793,0,0.069032651,1.252693226
65,Park,5682181421,86958,39.63640076,20.5,25,66861,6419,0.109932496,9.069436796,0.069495792,3.679747907
66,McPherson,2326543131,143148,159.3580257,33.8,74,57765,3206,0.002516858,13.0649933,0.071978112,5.071153405
67,Alamosa,1871465869,82221,113.7890856,18.7,15,39191,4112,0.091164282,8.480947461,0.079001489,4.734346609
68,Hughes,2084031905,67300,83.63931453,62.1,59,39265,1928,-0.043259444,20.36839779,0.07896573,4.426513679
69,Prowers,4243428664,60262,36.7812428,45.8,36,40097,2720,0.072738129,16.30916772,0.078569348,3.604988009
70,Sutton,3765674778,19327,13.29295092,0,0,60543,12711,-0.008102568,0,0.07117126,2.587233889
71,Muskogee,2098872174,345421,426.2481542,62.5,280,42689,1814,-0.023588059,20.46408885,0.077397007,6.055021698
72,Fort Bend,2231486504,3696709,4290.627029,23.6,724,95561,1694,-0.02161168,10.05138162,0.063787067,8.364188162
73,San Miguel,12228666255,140169,29.68743299,25.3,55,31660,1787,0.090217437,10.57494167,0.083152896,3.390723825
74,Parker,2340006541,649010,718.3466672,45.9,354,74625,2568,-0.069573971,16.33515503,0.067687388,6.576952276
75,Kinney,3522525630,18375,13.51054754,35,12,31468,6246,-0.006082962,13.40200181,0.08327438,2.60347068
76,Ottawa,1219467497,157828,335.2073926,70.9,155,39070,1109,-0.003552326,22.43735977,0.07906014,5.814749423
77,Moffat,12284943825,65298,13.76659286,32.9,25,52807,6292,0.007947113,12.81011432,0.073545151,2.62224485
78,Fayette,2460152118,125332,131.9470766,33.8,76,56297,4556,-0.049870957,13.0649933,0.072424172,4.882400907
79,Briscoe,2330991073,7585,8.427810054,0,0,42647,6885,0.003008514,0,0.077415293,2.131536958
80,Harrison,2330874187,333226,370.2710961,50.5,214,51202,2234,-0.031227543,17.51470013,0.074091969,5.914235429
81,Rogers,1749846748,454072,672.0854162,45.9,257,62949,1469,-0.014330141,16.33515503,0.070508695,6.51038544
82,Caddo,3309582204,146710,114.8117426,53.3,98,44588,2074,-0.032380296,18.21842641,0.076592753,4.743293766
83,Jefferson,1979501357,2852137,3731.765479,27.4,942,78943,1142,0.132515122,11.20876879,0.066779741,8.224636719
84,Reagan,3044049119,18762,15.96346777,0,0,70478,14527,-0.001773801,0,0.068622596,2.770302847
85,Summit,1575590691,152143,250.0969143,0,0,77589,4772,0.062832164,0,0.067057593,5.5218485
86,Cowley,2915648163,177953,158.0774648,43.2,104,48087,1792,-0.009269881,15.62799038,0.075216541,5.063085197
87,Coleman,3270933224,41957,33.22251558,59.7,46,43981,2768,-0.027276993,19.79070484,0.076845135,3.503227826
88,Ochiltree,2376792056,51741,56.38237879,36.8,17,49928,4789,0.022210046,13.90173187,0.074541375,4.032156677
89,Crane,2033319700,24196,30.82035747,0,0,70398,9716,0.006149898,0,0.068641304,3.428175428
90,Washington,1564829004,173978,287.9567153,33.4,93,56237,5282,-0.046365987,12.95194289,0.072442709,5.662810175
91,Pueblo,6179916826,823423,345.0961607,32,361,44634,1315,0.120530251,12.55334557,0.076573801,5.843823105
92,Lynn,2309924850,29039,32.55993804,27.2,11,43524,3428,0.003204899,11.1489842,0.077038016,3.483082638
93,Osage,1827253354,79410,112.5579546,49.9,57,55036,2577,-0.001500728,17.36254556,0.072819007,4.723468241
94,Mills,1937867068,24508,32.75545627,19.4,10,41827,6224,-0.04348465,8.711546575,0.077776857,3.489069552
95,Oldham,3886337113,10451,6.964936189,0,0,63315,5160,0.046465865,0,0.07041066,1.940888445
96,Marion,2445722726,60162,63.711057,34.1,37,51262,3013,-0.000825118,13.14954412,0.074071147,4.154358127
97,Sabine,1273503789,52288,106.3411991,62.8,69,33257,3025,-0.014905028,20.53574864,0.08217658,4.666652784
98,Hopkins,1987276095,181201,236.1577192,45.7,112,51877,2465,-0.056416923,16.28316509,0.073859444,5.464499883
99,Houston,3188288232,114773,93.23563253,43.8,83,34297,2898,-0.060412822,15.78614548,0.081571515,4.535129972
100,Rush,1858997546,15475,21.56014142,62.9,19,40598,5471,0.011996856,20.55961469,0.078335548,3.070846306
101,Stanton,1762103390,10313,15.15840112,0,0,46726,5581,0.056372309,0,0.075736623,2.718554908
102,Bexar,3212140683,9629323,7764.275924,28,2490,55456,501,-0.029456833,11.38742063,0.072686265,8.957288483
103,Boulder,1881290197,1605151,2209.835089,20.2,328,78642,1583,0.068957085,8.972356057,0.066840995,7.700673171
104,Mayes,1697432140,204899,312.6419004,68.7,193,48853,2237,-0.010885563,21.92695968,0.074931789,5.745058447
105,Denver,397024697,3467084,22617.60447,28.5,896,63793,757,0.054571807,11.53550861,0.070283677,10.02648384
106,Coal,1338200709,28091,54.36829432,53.9,22,40000,3892,-0.045641173,18.36791236,0.078615033,3.995781159
107,Upton,3215010600,18170,14.63768113,0,0,52257,5967,0.003616424,0,0.073730185,2.683599103
108,Montrose,5804023559,206339,92.07716071,34.6,114,48739,2573,0.040650688,13.29001748,0.074973815,4.522626929
109,Eagle,4362761542,271783,161.3468816,12.9,28,84685,4478,0.056518274,6.46741141,0.065663865,5.083556591
110,San Miguel,3332606119,39841,30.96321207,0,0,64478,4771,0.023584224,0,0.070103746,3.432799792
111,Franklin,1480855479,127815,223.5470339,58.5,94,55486,2842,-0.001056708,19.49951377,0.072676831,5.409621835
112,Erath,2805417369,207411,191.4846953,39.8,87,48819,2400,-0.067588576,14.72023159,0.074944311,5.254807885
113,Randall,2361876733,662374,726.3497862,33.3,248,67397,2025,0.017567837,12.92362329,0.069362744,6.588031698
114,Rusk,2393244484,267976,290.0070781,44.6,149,52329,2398,-0.050893232,15.99611239,0.073705826,5.66990533
115,Costilla,3179452300,18437,15.01888549,0,0,30593,3298,0.10673955,0,0.083839891,2.709308442
116,Coryell,2725181907,376945,358.2467458,52.2,151,51440,1688,-0.054276477,17.9431822,0.074009551,5.881221983
117,Broomfield,85478796,330598,10017.09032,25.2,81,89624,4013,0.058377617,10.54441268,0.064776602,9.212047945
118,Pottawatomie,2177623918,117725,140.018553,44.9,57,64657,4688,-0.000755715,16.0745872,0.070057118,4.941774935
119,Comal,1449129706,675487,1207.284153,34,304,75356,1984,-0.02780952,13.12138291,0.067529218,7.096128614
120,Aransas,652804638,123815,491.2355571,50.6,119,44865,4698,-0.007025068,17.54001164,0.076478993,6.196923762
121,Chaffee,2624715692,95820,94.55264079,22.3,38,54580,3158,0.102208116,9.644118766,0.072964557,4.549156725
122,Crowley,2039427875,28148,35.74694692,0,0,37586,5569,0.067517105,0,0.079798317,3.576464865
123,Fremont,3970664370,235010,153.2932132,32,120,46296,2175,0.126373445,12.55334557,0.075904857,5.032352514
124,Carter,2129435455,242030,294.3774128,58.7,182,49216,1550,-0.064070041,19.5481568,0.074798775,5.684862661
125,Taos,5704119381,164442,74.66617571,18.6,54,36758,2641,0.086168527,8.447816063,0.080226076,4.313027188
126,Jack,2359323246,44211,48.53361666,34.5,20,51700,3382,-0.062972659,13.26196689,0.073920053,3.882256685
127,Greer,1655842990,29716,46.48051806,63.9,25,38322,2501,-0.013231936,20.79771519,0.079427783,3.839033258
128,Hemphill,2347270019,20305,22.40472957,0,0,63778,8931,0.004394569,0,0.070287644,3.109272078
129,Cotton,1638566730,29646,46.85994082,59.7,26,51623,4220,-0.040853213,19.79070484,0.0739465,3.84716317
130,Shackelford,2367989254,16556,18.10820718,42.5,10,45187,5233,-0.029729955,15.44272433,0.076347841,2.896365271
131,San Jacinto,1474332260,139094,244.3502525,48,107,44658,4204,-0.028170547,16.87742176,0.076563923,5.498602657
132,Sherman,2735193251,29831,28.24747026,54.2,24,52847,5234,0.038009217,18.44248671,0.073531787,3.341003905
133,Kendall,1715747625,209911,316.8703148,28.7,84,82390,5079,-0.029130729,11.59454698,0.066098274,5.758492589
134,McCurtain,4793134961,164831,89.06744614,64.9,147,35829,1373,-0.034910781,21.0348117,0.080720469,4.489393905
135,Wharton,2813117310,207753,191.2754467,34.4,93,49619,2779,-0.021430672,13.23389435,0.074652521,5.253714518
136,Floyd,2569637284,29362,29.59467489,25.3,11,48555,5620,0.003710781,10.57494167,0.075041905,3.387594443
137,Allen,1295763786,63148,126.221555,44.5,43,42679,2726,-0.001636849,15.96992248,0.077401359,4.838038736
138,Grant,10259428091,140305,35.42009816,25,65,37880,4254,0.012626379,10.48325636,0.079649235,3.567279404
139,Colfax,9733110158,61763,16.43525732,28.3,32,33783,4196,0.107789706,11.47635828,0.08186767,2.799428864
140,Labette,1671560462,101833,157.785181,53.7,80,47668,3485,-0.006616381,18.31813387,0.07537469,5.061234494
141,Huerfano,4120756321,32916,20.68854195,27.2,21,36705,3945,0.115326321,11.1489842,0.080253863,3.029580018
142,Karnes,1936008329,76935,102.9239632,44.4,38,52252,4347,-0.026220015,15.94371667,0.073731879,4.633990494
143,Kaufman,2021939947,594550,761.5876536,54.6,320,65390,1830,-0.084491535,18.54174607,0.069867834,6.635405272
144,Duval,4645083897,56774,31.65597506,40.5,29,37382,5459,-0.008746202,14.90878209,0.079902615,3.454926916
145,Johnson,1877223473,817377,1127.732772,48.4,431,62066,2041,-0.084732498,16.97997764,0.070748152,7.027964499
146,Franklin,736570305,53393,187.7456491,48.2,41,52944,6279,-0.056473116,16.92872842,0.073499432,5.235088116
147,Atoka,2526582872,69372,71.1132344,66.6,69,38821,2108,-0.054972622,21.4356268,0.079181548,4.264273457
148,Okmulgee,1806123426,194447,278.8390443,64.5,174,42175,2306,-0.02786288,20.9400923,0.077622348,5.630634713
149,Johnson,1226647559,2927511,6181.281196,32.3,1018,84915,913,-0.000424388,12.63914922,0.065621135,8.729280842
150,Cherokee,1521791027,101654,173.0092078,62.9,93,41103,3275,-0.003835471,20.55961469,0.078103475,5.153344817
151,Sandoval,9609141803,703844,189.7105899,23.2,201,59420,1750,0.073187452,9.926730444,0.071491789,5.2454997
152,Washington,1076019764,260007,625.8417852,52.2,194,52103,2180,-0.013819528,17.9431822,0.073782428,6.4390976
153,Edwards,5485259733,9597,4.531459076,0,0,40313,21276,-0.014450026,0,0.078468106,1.511043979
154,Waller,1329535449,249937,486.889485,44.1,99,57654,5987,-0.03313304,15.86500343,0.072011347,6.188037167
155,Maverick,3313817728,289849,226.5389866,16.4,41,38035,2789,-0.004036912,7.706124285,0.079571213,5.422917057
156,Cibola,11758505178,134889,29.71147308,31.1,48,37368,3303,0.04437954,12.29461926,0.079909798,3.39153327
157,Kleberg,2282572438,157125,178.287332,33.6,52,42021,3663,-0.003637817,13.00851352,0.077690527,5.183396473
158,Cheyenne,2641501921,13387,13.12599083,0,0,46833,4595,0.027394937,0,0.075695058,2.574594298
159,Delta,2958095177,151730,132.8492413,34.4,96,44512,3534,0.030327051,13.23389435,0.076624119,4.889214961
160,Gaines,3891105257,101607,67.63171711,24.8,19,59032,5358,0.017212877,10.4219678,0.071604283,4.214077061
161,Martin,2369724590,28068,30.67703323,32.8,10,69722,11169,0.008569172,12.78167898,0.068800444,3.423514271
162,Bowie,2292143504,469291,530.2738192,54.2,316,47505,2075,-0.026686999,18.44248671,0.075436679,6.273393513
163,Garfield,7634105497,292691,99.30039483,26.8,74,72898,3801,0.036333453,11.02905747,0.068068825,4.598149547
164,Atchison,1116736559,81813,189.7454402,51.5,55,48667,3855,-0.000489897,17.7672117,0.075000421,5.245683386
165,Andrews,3886850264,89092,59.36639292,35.6,28,74233,4834,0.017947325,13.56933294,0.067773001,4.083728291
166,Potter,2352718728,604494,665.4596835,44.4,258,43157,1520,0.01887456,15.94371667,0.077194739,6.500478055
167,Seminole,1639040844,125357,198.0881875,54.1,90,38706,1457,-0.031279363,18.41764101,0.079237946,5.288712323
168,Garza,2313930833,32515,36.39428145,33.4,10,55039,14840,-0.000178009,12.95194289,0.072818055,3.594411659
169,Caldwell,1412150551,207004,379.662324,35.5,80,52278,2375,-0.039277193,13.54149762,0.073723076,5.939282237
170,Cloud,1852726650,45300,63.32666505,59.4,40,44143,1835,0.001639528,19.71805642,0.076777357,4.148306489
171,Geary,996272270,174474,453.5784781,65.2,72,49185,2156,-0.000361106,21.10574783,0.074810087,6.117168304
172,Parmer,2281312144,49260,55.92544639,28.5,15,54184,3885,0.02721552,11.53550861,0.073092185,4.024019489
173,Woods,3331900090,45637,35.47520238,50.6,29,56899,6071,-3.67653E-05,17.54001164,0.072239526,3.568833928
174,Rio Blanco,8342275042,32327,10.03646243,30.1,11,55543,4275,0.013166891,12.00476165,0.072658924,2.306224704
175,Morgan,3316441514,141286,110.3383667,34.9,61,51626,2649,0.04561602,13.37403827,0.073945469,4.703551706
176,Russell,2295402861,34884,39.36109061,39.5,23,52806,3252,0.008837489,14.63915064,0.073545485,3.67277778
177,Doña Ana,9863129095,1076691,282.7327578,28.6,345,39164,1431,0.017027611,11.56504173,0.079014557,5.644502133
178,Titus,1051683621,163649,403.0213094,39.7,70,46698,3475,-0.03498578,14.693223,0.075747519,5.998989437
179,Barton,2318705425,133957,149.630318,47.4,90,50198,2734,0.009018822,16.72315401,0.074444953,5.008167705
180,Shawnee,1408986296,891420,1638.609124,47.9,582,55199,1505,-0.001056218,16.85174679,0.072767342,7.401603066
181,Lincoln,6676158679,27738,10.76089162,34.9,13,49423,6527,0.107939154,13.37403827,0.074723467,2.375918416
182,Terry,2302083289,63076,70.96478254,32.2,23,44975,5820,0.008771394,12.61057201,0.076434058,4.262183733
183,Harding,5504963126,3441,1.618937275,0,0,30875,4943,0.08965489,0,0.083655467,0.481769931
184,Foard,1824378631,6109,8.672711756,0,0,46354,8925,-0.012104426,0,0.075882052,2.160181516
185,Real,1810812871,16947,24.23924123,48,16,34813,6986,-0.011600473,16.87742176,0.081279693,3.187972858
186,Carson,2383397225,30158,32.77222075,37.4,16,70087,7537,0.016051987,14.06683099,0.068714281,3.489581228
187,Hidalgo,8905639714,21856,6.356313731,0,0,36339,12114,0.004012849,0,0.080447117,1.849448607
188,Montezuma,5255937129,129543,63.83568939,33.4,67,46797,4106,0.021557342,12.95194289,0.075709029,4.156312429
189,Harmon,1391326399,13605,25.32615641,49,10,41607,5454,-0.013404221,17.1333836,0.077875359,3.231837712
190,Knox,2203109026,18665,21.94278605,47.6,14,46146,7394,-0.00830834,16.77463486,0.075964,3.088438432
191,Kay,2381847043,224401,244.0117184,62.4,198,45426,1758,-0.011900092,20.44018162,0.076251242,5.49721625
192,Butler,3702816810,332341,232.4617269,52.7,202,63272,2187,-0.004154054,18.0684854,0.070422141,5.448725596
193,Hays,1755978790,1020752,1505.569256,31,255,65935,1872,-0.031370995,12.26574796,0.069728795,7.316926349
194,Medina,3432663420,246669,186.1157451,33,100,61059,2853,-0.016365879,12.83852633,0.071026445,5.226368766
195,Motley,2562963901,5927,5.989522519,0,0,43750,7082,-0.001072472,0,0.076942318,1.790011696
196,Wichita,1625459958,659089,1050.189211,51.9,389,46575,1427,-0.02834395,17.86784479,0.075795481,6.956725627
197,Jewell,2356813568,14581,16.02366454,54.2,17,42552,5114,0.003008658,18.44248671,0.077456738,2.774066663
198,Mitchell,1817632933,31111,44.33100245,33.1,17,45221,4006,0.003282893,12.8669151,0.07633406,3.791684262
199,Midland,2331647563,820972,911.9377704,35.7,252,78888,3668,0.007192923,13.59714716,0.066790912,6.815571754
200,Scott,1858536840,24744,34.48248031,34.7,15,71394,11173,0.03132587,13.31804618,0.068410252,3.540451378
201,Stevens,1883595654,28430,39.09209487,33.3,10,56507,7837,0.040628144,12.92362329,0.072359484,3.665920269
202,Victoria,2284644914,459850,521.3114269,36.5,197,55631,2752,-0.018796603,13.81891009,0.072631322,6.256347611
203,Blaine,2404605814,48168,51.88173433,45,31,50391,6924,-0.020172227,16.10071398,0.074376423,3.948966788
204,Douglas,1180402407,596593,1309.024669,37.6,201,55832,2064,-0.00095106,14.12170474,0.072568481,7.177037611
205,Adams,3020592854,2485576,2131.251099,34.1,667,67575,991,0.089711098,13.14954412,0.06931885,7.664464457
206,Pontotoc,1865885645,191788,266.2172365,57.8,138,49235,1957,-0.060941842,19.32890814,0.074791846,5.584312654
207,Creek,2460926010,355800,374.4614817,61,293,49578,1759,-0.025954282,20.1043844,0.074667333,5.925488945
208,Tyler,2394158698,107480,116.2718245,46.4,81,43936,3381,-0.022821087,16.46486317,0.076864017,4.755930765
209,Pottawatomie,2040060544,360002,457.0477983,60.1,269,47683,1214,-0.042425627,19.88741629,0.075368998,6.124787977
210,Socorro,17214061663,85000,12.78896313,30.5,37,36146,4461,0.047095661,12.12101204,0.080549999,2.548582544
211,Falls,1982545004,86494,112.9959015,50.6,60,38032,3400,-0.052080608,17.54001164,0.079572719,4.727351548
212,Comanche,2041681114,9132,11.58451231,0,0,56912,4100,0.006170282,0,0.072235565,2.44966906
213,Kiowa,2629209769,45004,44.33284912,68.4,48,38209,4061,-0.027734383,21.85702023,0.079484096,3.791725917
214,Presidio,9985057438,35616,9.238348459,0,0,27061,6108,0.002480926,0,0.086345057,2.223363132
215,Willacy,1529622790,108770,184.1723998,23.6,27,29944,5675,-0.000822684,10.05138162,0.084272455,5.215872274
216,Los Alamos,282827023,91781,840.4882514,16.4,22,115248,7220,0.045609072,7.706124285,0.060982888,6.733982975
217,Mora,4988962798,22816,11.84483477,0,0,26968,5927,0.096046387,0,0.086416426,2.471891888
218,Lubbock,2319602816,1507269,1682.972052,35.8,515,50473,1234,0.003746831,13.62494034,0.074347404,7.428316588
219,Mineral,2268209079,3739,4.269452093,0,0,61058,4934,0.068856187,0,0.071026724,1.451485504
220,Pawnee,1953531648,33539,44.4661391,41.7,22,42853,5011,0.014653713,15.22997955,0.077325815,3.79472798
221,Wyandotte,392744972,821723,5418.942881,51.5,411,44873,939,-0.000228373,17.7672117,0.07647572,8.597656035
222,Graham,2327173853,12724,14.16102194,0,0,40769,3891,0.014205486,0,0.078256566,2.650493257
223,Morton,1889994372,14190,19.44561346,51.3,11,43925,5114,0.053239941,17.71681607,0.076868636,2.967621516
224,Eddy,10816898665,287186,68.7638632,40.5,132,62982,3186,0.03308967,14.90878209,0.070499827,4.230678363
225,Henderson,2263061592,402298,460.4169076,52.1,336,45798,1788,-0.101369455,17.91808275,0.076102134,6.1321324
226,Walker,2031124895,357697,456.1192826,35.9,129,41855,2046,-0.03927147,13.65271258,0.077764366,6.12275436
227,Sumner,3060429574,116041,98.20392292,43.6,70,54915,3412,-0.00530114,15.73349249,0.072857483,4.587046163
228,Galveston,981441986,1635445,4315.897027,48.8,878,69369,1866,-0.008993408,17.08230493,0.068884307,8.370060468
229,Harris,4416454882,23012615,13495.59193,32.6,6077,60146,474,-0.025511979,12.72473797,0.071283724,9.510118387
230,Dawson,2331781560,64821,71.99919275,45.6,34,44657,5731,0.006396121,16.25714709,0.076564334,4.276654907
231,Miami,1491519075,165633,287.6191644,50.8,109,69150,4161,-0.000413346,17.5905942,0.068936603,5.661637259
232,Pecos,12338274958,78987,16.5806266,27,22,52282,6993,0.008974629,11.0890808,0.073721722,2.808234942
233,Nacogdoches,2451572357,327789,346.2975537,39.6,141,43598,2009,-0.038801086,14.66619604,0.077006613,5.847298387
234,Guadalupe,1842135335,775686,1090.596712,36.5,299,70931,1953,-0.032042636,13.81891009,0.068517158,6.994480268
235,Tarrant,2236833515,10099887,11694.52584,38.7,3406,64874,547,-0.078967442,14.42211667,0.070000806,9.366876134
236,Jackson,2148246713,74102,89.33991559,39.1,40,60276,5630,-0.019984054,14.53078353,0.071246796,4.492448371
237,Love,1331240595,49666,96.62786763,79.1,54,52007,5419,-0.062811386,24.30350062,0.073815092,4.570867184
238,Swisher,2305502704,37420,42.0375998,53.6,27,38418,3110,0.010467999,18.29322586,0.079380103,3.738564451
239,Otero,3268424425,91624,72.60567452,24.5,36,34136,2884,0.084001728,10.32978403,0.081663684,4.28504308
240,Noble,1895576674,57054,77.95509516,36.2,30,53253,4133,-0.01683987,13.7359043,0.07339685,4.356132958
241,Gove,2775601942,13311,12.42090571,0,0,48894,3918,0.030593196,0,0.074916704,2.519380997
242,Sterling,2391722770,6633,7.182885164,0,0,59286,14886,-0.002955069,0,0.071530537,1.971701136
243,Winkler,2178876162,39009,46.36945952,41.9,15,59167,9911,0.018320418,15.28326828,0.071565038,3.836641043
244,Ford,2844508248,172421,156.9938812,39.6,56,53072,2421,0.016724626,14.66619604,0.073456848,5.056206831
245,Frio,2935753507,96968,85.5477544,23.1,20,42476,5003,-0.010475213,9.895477265,0.077489977,4.449074751
246,Neosho,1480111173,80625,141.0831523,61,73,44294,2996,-0.004551964,20.1043844,0.076714458,4.949349449
247,Linn,1538662699,48173,81.08864281,44.4,35,43699,6469,-0.000580963,15.94371667,0.07696386,4.395542912
248,Phillips,1781724975,21590,31.38424885,38.7,14,50724,6930,0.015241378,14.42211667,0.074258943,3.446306138
249,Ouray,1402719365,23611,43.59566962,0,0,62230,7410,0.048275806,0,0.070703359,3.774957825
250,Curry,3640098081,250996,178.5884956,40.4,96,46182,2612,0.04783946,14.8819005,0.075949784,5.185084252
251,Washita,2598189854,57160,56.97982377,42,33,52510,3096,-0.015941978,15.30988689,0.073644771,4.042697236
252,Brown,1478550074,48322,84.64642639,54.8,41,48547,3785,-0.000373682,18.59130209,0.075044873,4.438482891
253,Lipscomb,2414350766,17346,18.60795897,0,0,57372,8099,0.013053866,0,0.072096138,2.923589391
254,Collingsworth,2378749928,14982,16.31250916,0,0,42750,9436,-0.007653514,0,0.077370487,2.791932247
255,Colorado,2487123834,105109,109.4566769,27.2,49,49504,4080,-0.025868196,11.1489842,0.074694105,4.695528827
256,Wise,2342369004,323196,357.363694,55.8,212,61709,2458,-0.067508722,18.8383545,0.070846167,5.878754014
257,Bent,3918255140,29047,19.20031425,36.3,15,34392,6115,0.081839484,13.76359346,0.081517381,2.954926646
258,Jackson,2078855906,126921,158.1280304,55.9,80,45757,2590,-0.01971427,18.8629937,0.076118494,5.063405024
259,Glasscock,2331552975,6817,7.572648012,0,0,75833,17605,0.001919695,0,0.067427029,2.02454281
260,Major,2473407982,38590,40.40906342,38.1,23,54118,2605,-0.011306976,14.25854571,0.073113569,3.699054102
261,Shelby,2060566173,127391,160.1223461,63.5,107,40764,3638,-0.025150422,20.70259659,0.078258869,5.075938186
262,Comanche,2428768917,67476,71.95531809,36.3,41,47893,4071,-0.045582658,13.76359346,0.075289551,4.276045344
263,Archuleta,3496708790,64540,47.80455281,23,24,50753,5030,0.09395568,9.864187534,0.074248757,3.867120882
264,Burnet,2575134223,228752,230.0725433,45.9,172,59238,3055,-0.058419343,16.33515503,0.071544443,5.438394665
265,Gray,2398261664,113423,122.4910419,44.4,63,47170,4894,0.004904409,15.94371667,0.075564914,4.8080379
266,Hudspeth,11837605503,20488,4.482656563,0,0,29318,7647,0.014157131,0,0.084700848,1.500215854
267,Cass,2426706492,150434,160.5567304,58,140,45345,3467,-0.016187948,19.37770925,0.07628391,5.078647341
268,Ellis,2423349113,844189,902.2428912,39.7,331,72213,2151,-0.096583819,14.693223,0.068223235,6.804883764
269,Delaware,1911751868,210562,285.2648344,49.4,184,39742,1445,-0.007512543,17.23537245,0.078737218,5.653417992
270,Bourbon,1645861890,73511,115.6801134,50.6,55,40733,1342,-0.001684125,17.54001164,0.07827316,4.750828738
271,Cooke,2265746282,197857,226.172557,45.7,126,57646,4167,-0.057704831,16.28316509,0.072013745,5.421298234
272,Williamson,2896482213,2635286,2356.441448,30.5,714,83679,1125,-0.051222889,12.12101204,0.065852466,7.764907899
273,Cochran,2007453829,14518,18.73100116,0,0,42798,7441,0.027656375,0,0.077349652,2.930179967
274,Roosevelt,6335242830,95587,39.07827003,30,29,40775,5000,0.063895875,11.97563404,0.078253802,3.665566559
275,Custer,2561032751,146043,147.6948586,60,92,48884,2251,-0.016892021,19.86325476,0.074920382,4.995148379
276,Ellis,3189606140,20358,16.53095012,37.1,12,52705,3259,0.006688631,13.98437154,0.073579285,2.805234389
277,Routt,6117602765,124371,52.65475749,18,20,74273,3839,0.034605469,8.24800525,0.067764239,3.963756595
278,Hinsdale,2893614469,3927,3.51495685,0,0,52188,11724,0.090491415,0,0.073753569,1.257027249
279,Van Zandt,2182235201,271842,322.6374406,45.2,184,51935,1845,-0.080127219,16.15292057,0.073839639,5.776529218
280,Donley,2400676101,16935,18.27054053,88.5,24,43224,4015,0.000730676,26.37962318,0.077166004,2.905289956
281,Oklahoma,1835845600,3910257,5516.567205,48.8,1988,52855,570,-0.025247925,17.08230493,0.073529115,8.615511063
282,Johnston,1665212040,55206,85.86506497,58.6,47,40077,4060,-0.067181279,19.52384089,0.078578756,4.452777052
283,Comanche,2769447439,612806,573.0989936,50.6,302,52227,1511,-0.036854801,17.54001164,0.073740348,6.351058465
284,Jones,2404985708,99456,107.107098,38.6,44,45694,5639,-0.018411642,14.39490266,0.076143669,4.67382925
285,Grimes,2039530033,138150,175.4367399,46.8,88,50298,4135,-0.037990351,16.56835811,0.074409404,5.167278522
286,Pushmataha,3615212653,55593,39.82777331,58.4,54,37457,2145,-0.039743481,19.47517543,0.079864188,3.684564491
287,Cleveland,1395724193,1383667,2567.625859,42.9,588,62863,1106,-0.024251458,15.54869066,0.070531834,7.850736961
288,Clay,1671314213,40710,63.08741898,44.8,27,56186,4532,0.000584685,16.04844471,0.072458486,4.144521367
289,Wagoner,1454465392,389252,693.1499956,46.9,222,61566,1348,-0.019109827,16.59419446,0.070885625,6.54124642
290,Irion,2723485996,7712,7.334012376,0,0,54706,15653,-0.003102613,0,0.072924189,1.992522757
291,Lincoln,1863226708,15483,21.52232459,57.2,14,46196,5221,0.005030976,19.18223031,0.075944259,3.06909075
292,Smith,2319241776,18313,20.4509381,32.9,11,43438,4159,0.00455739,12.81011432,0.077074594,3.018028754
293,Weld,10323763901,1475614,370.1983401,29.8,403,70908,1339,0.057191561,11.91730002,0.068522491,5.914038916
294,Beckham,2335695176,113106,125.4207069,47.2,60,48725,5363,-0.017617312,16.67161448,0.074978985,4.831673741
295,Navarro,2614935410,242917,240.6006005,52.8,163,47920,2701,-0.068981365,18.09350744,0.075279368,5.4831383
296,Brooks,2443277013,35901,38.0569168,20.4,10,27378,2831,-0.005367379,9.03711944,0.086104052,3.63908285
297,Garvin,2077333869,139115,173.4472515,61.9,115,45066,1758,-0.049940146,20.32048989,0.076396988,5.155873527
298,San Juan,14289489115,637273,115.5070735,27,185,50582,1564,0.063455067,11.0890808,0.074308922,4.749331771
299,Dallam,3893095082,36216,24.09379633,0,0,51250,10958,0.049039781,0,0.074075309,3.181954394
300,Craig,1971897019,72467,95.18221702,64.5,68,41701,2010,-0.009424655,20.9400923,0.077833193,4.555793128
301,Lincoln,12512530061,97408,20.16272638,30.5,59,42267,6929,0.064071762,12.12101204,0.077581765,3.003835671
302,Cherokee,1940678810,242997,324.3000474,55.3,167,40936,1729,-0.014106932,18.71497907,0.078179827,5.781669159
303,Hunt,2176470568,460761,548.3055951,52.5,296,51928,1501,-0.091477532,18.01840281,0.073842028,6.306832787
304,Mitchell,2359710929,42792,46.9681598,37.7,18,49670,10901,-0.003064822,14.14911204,0.074634117,3.849469921
305,Wood,1671177481,219073,339.5205335,44.8,183,48534,3019,-0.070818788,16.04844471,0.075049696,5.827534427
306,Osage,5818542002,236556,105.2978632,50,172,47789,1927,-0.01702654,17.38793881,0.075328842,4.656793127
307,Childress,1803954628,36129,51.87165384,56.9,23,40794,7345,-0.007716012,19.10873574,0.078245053,3.948772472
308,Jeff Davis,5865172230,11171,4.932999214,0,0,53194,14890,0.011254443,0,0.07341638,1.595947163
309,Larimer,6723008226,1690807,651.3736088,24.2,461,67664,1346,0.036649333,10.23729498,0.069296956,6.479083377
310,Tillman,2256226758,37575,43.13362992,43.6,24,40462,2611,-0.029174734,15.73349249,0.07839866,3.764302969
311,Morris,1800929257,27831,40.02505358,28.4,15,50352,6012,-0.001123736,11.5059475,0.074390244,3.689505597
312,Montague,2411034605,97046,104.249495,55.4,80,51774,1743,-0.059048826,18.73967817,0.073894682,4.646787017
313,Brown,2446120250,189172,200.2990164,48.1,130,45457,2375,-0.048331638,16.90308229,0.076238758,5.299811332
314,Haskell,2339103809,29044,32.15930807,42.1,19,46013,4336,-0.014651707,15.33648838,0.07601664,3.470701929
315,Logan,1926521241,230221,309.5073012,51.2,140,62035,4210,-0.020470136,17.69159837,0.070756635,5.734981682
316,Lake,976215870,37923,100.6135764,0,0,46918,4775,0.066860556,0,0.075662123,4.611287203
317,Pittsburg,3381125454,221909,169.9860942,68.8,224,45346,2004,-0.045297639,21.9502545,0.076283506,5.135716635
318,Barber,2937233343,23434,20.66368344,47.2,17,50613,5019,0.002353098,16.67161448,0.074297996,3.028377736
319,Logan,2779039721,14050,13.09427128,49.8,12,51597,3191,0.036737011,17.33713856,0.073955441,2.572174828
320,Guadalupe,7847072131,21912,7.232261798,39.8,12,24085,4362,0.068472513,14.72023159,0.088793424,1.978551822
321,Fisher,2328272101,19417,21.59972195,34.6,13,46827,4353,-0.006832175,13.29001748,0.075697385,3.072680442
322,Concho,2547914009,21163,21.51256667,37.3,10,43355,9282,-0.017111759,14.03936442,0.077109981,3.068637261
323,Coke,2361124368,16376,17.96340785,45.4,15,45551,3023,-0.00629013,16.20506482,0.07620097,2.888336791
324,Polk,2737732841,239187,226.2800521,79.6,251,46182,3512,-0.032122254,24.41555155,0.075949784,5.421773401
325,Cottle,2332448738,7040,7.817363659,0,0,34375,7934,-0.007510888,0,0.081527054,2.05634737
326,Young,2368538309,90571,99.03951695,61.7,85,47194,5168,-0.036261089,20.27254017,0.075555689,4.595518932
327,Rio Grande,2361956098,56757,62.23681724,21.6,18,38639,2097,0.082651666,9.422176565,0.0792709,4.130946742
328,Lee,1629205077,84758,134.7425337,56.6,66,55000,5256,-0.046514767,19.03513647,0.072830443,4.9033658
329,Cherokee,2727141729,259513,246.4626839,40.7,137,46044,1936,-0.074466047,14.96249157,0.076004353,5.507210598
330,Hall,2288233616,15372,17.39921996,0,0,32921,3335,-0.00345855,0,0.082377096,2.856425375
331,Torrance,8664074443,77976,23.30979972,31.8,36,37218,4750,0.075707794,12.49602247,0.079986975,3.148873861
332,Hood,1089617912,284504,676.260322,45.4,229,59049,3646,-0.056080498,16.20506482,0.071599335,6.516578094
333,Archer,2339507619,43947,48.65242971,45.5,31,64476,4552,-0.031952532,16.23111368,0.070104268,3.88470175
334,Baylor,2246764578,17955,20.69796295,57.1,18,40750,7834,-0.015912812,19.15774371,0.078265321,3.030035287
335,San Augustine,1374395182,41634,78.45782742,52.8,37,35509,5831,-0.026849965,18.09350744,0.080894459,4.36256125
336,Madison,1207103453,70638,151.5631652,54.3,44,49428,4164,-0.038942771,18.46732004,0.074721653,5.02100247
337,Chase,2002201863,13226,17.10883435,61.3,12,46295,5387,-0.002139679,20.17651462,0.075905251,2.839594958
338,Crawford,1527498199,195542,331.5576937,64.7,147,40174,1415,-0.002867053,20.98747177,0.07853318,5.803801833
339,Woodson,1289344336,15850,31.83905095,61.6,15,34621,4407,-0.002155228,20.24854958,0.081387647,3.460693554
340,Milam,2633798227,123322,121.2712412,41.8,78,47081,4092,-0.051500916,15.25663252,0.075599172,4.798029699
341,Reeves,6825534331,75624,28.69609184,22.2,16,58384,6808,0.018162934,9.612529184,0.071794219,3.356760941
342,Luna,7679944776,121320,40.91420045,47.6,87,27377,1797,0.011694902,16.77463486,0.086104806,3.711477202
343,Nueces,2171227881,1802428,2150.068429,33,646,55048,1208,-0.005176872,12.83852633,0.072815197,7.673254948
344,Camp,507240881,64065,327.1194342,47,41,42604,4451,-0.044092387,16.62001595,0.077434038,5.790325346
345,Jefferson,1965365160,31114,41.00269082,67.6,32,37319,1687,-0.054006545,21.67010861,0.079934967,3.713637694
346,Jefferson,1379360299,94442,177.3320431,41.4,55,61793,2528,-0.000694087,15.14991684,0.070823041,5.178023925
347,Freestone,2273311881,98544,112.271863,48.6,72,48731,5100,-0.060711767,17.03116971,0.074976769,4.720923278
348,Runnels,2722259321,51549,49.04452304,41.3,32,41732,3559,-0.014239392,15.1231945,0.077819313,3.892728519
349,Terrell,6107235409,4247,1.801098085,0,0,33750,12715,0.00114999,0,0.081886874,0.588396526
350,Rawlins,2769775713,12544,11.72981619,0,0,48125,6393,0.016824632,0,0.075202282,2.462133992
351,Thomas,2783425128,39120,36.40148211,23.4,13,57478,4452,0.02466489,9.989127948,0.072064206,3.594609491
352,Deaf Smith,3876750541,94495,63.13071925,26.1,24,51841,4192,0.046519661,10.81801478,0.073871751,4.145207485
353,Ottawa,1866683176,29510,40.94476287,35.5,16,51971,5974,0.002202735,13.54149762,0.073827361,3.712223911
354,Marion,986485103,50413,132.3584812,48,44,37283,3024,-0.02482256,16.87742176,0.079953485,4.885514009
355,Pawnee,1471527628,82140,144.5726169,58.5,71,47413,2347,-0.017000961,19.49951377,0.075471784,4.97378192
356,Liberty,3000204407,409312,353.3486177,61.5,267,49850,2666,-0.027953192,20.22454848,0.074569351,5.867455155
357,Jasper,2431105370,177519,189.1214654,51.1,127,46088,4446,-0.027265749,17.66636736,0.075986933,5.242389482
358,McKinley,14117193197,364238,66.82464473,13.4,44,31674,1548,0.030301715,6.649461913,0.083144074,4.202071946
359,Rice,1880935845,48810,67.21010732,23.4,17,50764,5615,0.004787727,9.989127948,0.074244895,4.207823643
360,Hansford,2382296648,27735,30.15310879,44.4,14,39229,4633,0.02385283,15.94371667,0.078983116,3.406288029
361,Chambers,1546618334,201458,337.3658572,52,95,76850,8824,-0.012681513,17.89297029,0.067211791,5.821167971
362,Hardin,2306610690,281895,316.5285122,47.8,172,59105,3317,-0.022719238,16.82605734,0.071583048,5.757413324
363,Okfuskee,1602086603,60573,97.92483734,62.7,52,38527,2414,-0.039419073,20.51187233,0.079326146,4.584200218
364,Rio Arriba,15179587763,196533,33.53322092,20.4,55,56118,0,0.108099572,9.03711944,0.072479548,3.512536617
365,Collin,2178894500,4721750,5612.631773,27.9,1084,94192,911,-0.076279799,11.35771766,0.064008351,8.63277501
366,Ness,2783562240,14775,13.74758195,52.5,14,51033,5672,0.025883043,18.01840281,0.074150782,2.62086295
367,Brazoria,3528352491,1769993,1299.26981,41.9,678,79270,2003,-0.015011982,15.28326828,0.066713523,7.169557701
368,Throckmorton,2363499444,7743,8.485032671,0,0,44196,12922,-0.022084608,0,0.07675525,2.138303749
369,Bastrop,2300370292,412887,464.8718225,46.2,223,62941,3059,-0.038818819,16.41302542,0.070510846,6.141761717
370,Wilson,1477382268,43898,76.95761785,77.7,51,46208,3337,-0.004612904,23.98873483,0.075939525,4.343254853
371,Osborne,2311604933,18017,20.18685344,56.5,18,48355,6994,0.008088314,19.01057999,0.075116279,3.005031573
372,Scurry,2345090483,86197,95.19898342,45.2,43,55889,5767,-0.00218408,16.15292057,0.072550712,4.555969263
373,Gilpin,388228994,29619,197.5978384,0,0,75120,6107,0.057490682,0,0.067580074,5.286233846
374,McClain,1478134050,193170,338.4742405,51.7,116,64492,2463,-0.042440084,17.81755452,0.070100093,5.824447991
375,Le Flore,4116222818,249545,157.0181155,63.5,214,39769,1250,-0.02388104,20.70259659,0.078724385,5.056361184
376,Ector,2325320265,791709,881.82533,44.9,284,60676,1959,0.01122422,16.0745872,0.071133788,6.781993998
377,Limestone,2345053182,117576,129.8571147,61.6,101,42680,4009,-0.073517566,20.24854958,0.077400923,4.866434728
378,Denton,2275564887,4035234,4592.818302,31.8,967,83376,1008,-0.073731611,12.49602247,0.065909823,8.432249124
379,Red River,2703626782,61375,58.79555975,45.4,50,37955,3903,-0.062992812,16.20506482,0.079611433,4.074066338
380,Matagorda,2830586734,183715,168.1000777,41.6,99,45500,3150,-0.01153282,15.20330931,0.07622146,5.124559503
381,Hardeman,1800337391,19761,28.4285547,47.6,15,42238,10049,-0.01356409,16.77463486,0.077594546,3.347394087
382,Palo Pinto,2467090684,141586,148.639749,53.3,111,45979,4275,-0.064047905,18.21842641,0.076030127,5.001525586
383,Clark,2524300311,10263,10.53011398,0,0,50368,6765,0.01558294,0,0.074384572,2.354239151
384,Haskell,1495770085,20237,35.04136801,0,0,53527,5094,0.027764943,0,0.073306503,3.556529307
385,Beaver,4700019205,27075,14.91999223,0,0,51996,2752,0.028312803,0,0.07381884,2.702702074
386,Live Oak,2692796898,60614,58.30007459,42.4,38,55766,6296,-0.017418889,15.41619075,0.072589085,4.065603373
387,Dewey,2588653262,24590,24.60279286,32.3,12,50037,5573,-0.008176294,12.63914922,0.074502371,3.202859968
388,Yuma,6123763482,50347,21.29388739,24.1,17,48394,3103,0.039722862,10.20639662,0.075101746,3.058420055
389,Sherman,2390651137,15291,16.56606829,0,0,56576,5943,0.037882073,0,0.072338294,2.807356525
390,Uvalde,4019455749,135046,87.0190299,29.6,50,41752,3354,-0.012551574,11.85886019,0.077810365,4.466126829
391,Saline,1865418118,274884,381.656827,49.2,179,50515,1520,0.002552659,17.18440601,0.074332564,5.944521846
392,Bailey,2141847188,35458,42.87711118,29.5,11,46485,5594,0.030624964,11.82960032,0.075830675,3.758338145
393,Culberson,9873439558,11204,2.939032526,0,0,33417,11126,0.019775376,0,0.082081977,1.078080454
394,Atascosa,3158596637,244139,200.1901739,30.5,82,55265,3274,-0.024374566,12.12101204,0.072746476,5.299267784
395,Kingman,2236100137,37352,43.26357232,37.3,21,58483,3993,0.000466149,14.03936442,0.071765032,3.767310995
396,Wilson,2081662854,240990,299.8391881,26.3,78,72445,4432,-0.02516647,10.87846694,0.068170736,5.703246291
397,Stafford,2051389756,21069,26.60084942,39.8,14,48563,2935,0.008458764,14.72023159,0.075038938,3.280943148
398,Choctaw,1995215207,74428,96.61540235,60.3,65,32129,1972,-0.054387552,19.93570681,0.082859951,4.570738173
399,Dickinson,2193894228,95021,112.1769623,46.5,67,48167,3545,0.000440942,16.49075941,0.075186539,4.720077644
400,Starr,3168019238,319471,261.1820913,22.7,64,29294,2918,-0.002355162,9.770097005,0.084717497,5.565217832
401,Roger Mills,2955516642,18538,16.245356,37.3,11,47667,8528,-0.005998852,14.03936442,0.075375069,2.787807083
402,Lea,11373850144,350629,79.84359724,43.7,137,59797,2304,0.044861294,15.75982712,0.071383353,4.380069687
403,Jackson,4179530258,6872,4.258488132,0,0,48828,8122,0.023497953,0,0.074940995,1.448914199
404,Kit Carson,5596501999,38175,17.66697305,27.5,15,51046,4399,0.069138834,11.23861688,0.074146249,2.871696967
405,Bryan,2342666324,228795,252.9506844,54,168,43245,2238,-0.075023935,18.3927829,0.077157009,5.533194546
406,Dallas,2258614866,12932762,14830.26349,33.5,3681,56854,391,-0.078171024,12.9802396,0.072253245,9.604425202
407,Clear Creek,1023561805,46894,118.6596251,0,0,69936,4503,0.072404004,0,0.068749859,4.776259101
408,Kimble,3240035980,22042,17.61979816,33.8,14,42500,3770,-0.021123426,13.0649933,0.077479473,2.869023165
409,McCulloch,2759893537,40490,37.99751642,50.3,34,45329,6696,-0.032773496,17.46403645,0.076290371,3.6375208
410,Crockett,7270935062,18229,6.493402788,0,0,51152,4717,-0.000834941,0,0.074109344,1.870786706
411,Hill,2483423943,176993,184.5886488,46.3,127,48823,2959,-0.078594756,16.43895185,0.074942837,5.218129829
412,Logan,4761947992,108445,58.98270004,31.6,46,48922,4300,0.041993958,12.43860196,0.074906411,4.077244181
413,Finney,3372157849,184783,141.9233593,34.4,54,56573,3623,0.028864005,13.23389435,0.072339215,4.955287189
414,Montgomery,1666900068,164849,256.139476,45.2,110,45173,2772,-0.009313927,16.15292057,0.076353519,5.545722124
415,Kent,2337482036,3729,4.131843518,0,0,45926,9347,-0.003310895,0,0.076051175,1.41872368
416,El Paso,2624139561,4188270,4133.781397,21.9,850,44597,745,0.01214553,9.517528891,0.076589043,8.32694786
417,Loving,1732230057,613,0.916546849,0,0,81875,46475,0.021492652,0,0.06619782,-0.087142096
418,Latimer,1870096895,52473,72.67274245,46.9,40,42363,2856,-0.023048658,16.59419446,0.077539535,4.285966382
419,Edwards,1610699246,14624,23.51535216,0,0,49293,3364,0.012638577,0,0.074770716,3.157653491
420,Harvey,1397961184,172773,320.0962052,30.2,79,56051,2814,-5.68554E-05,12.03386315,0.072500332,5.768621592
421,Chaves,15713867248,327297,53.94593302,40.4,158,43197,1797,0.051734806,14.8819005,0.077177577,3.987982305
422,Santa Fe,4947127762,744586,389.8176544,18.7,213,59192,1499,0.090978019,8.480947461,0.071557783,5.965679077
423,Sheridan,2320518307,12529,13.98399224,0,0,56071,9269,0.014638631,0,0.072494124,2.637913264
424,Dickens,2335454676,11080,12.28762874,0,0,41618,3947,-0.001740788,0,0.077870419,2.508592963
425,La Salle,3850545736,37845,25.45575529,0,0,51792,4314,-0.009624283,0,0.073888518,3.236941859
426,Lamb,2631897582,66310,65.25440092,26,22,43396,2336,0.016341626,10.78774182,0.07709249,4.178293491
427,Kiowa,1871627782,12631,17.4790577,68.1,14,51336,4714,0.009943647,21.78699791,0.074045507,2.861003462
428,Austin,1674405805,147827,228.6613728,33.8,69,65365,4632,-0.033331888,13.0649933,0.069874246,5.432242188
429,Hutchinson,2298408152,107853,121.5359725,49.4,66,50651,3341,0.014919574,17.23537245,0.074284615,4.800210289
430,Texas,5286926132,105604,51.73409902,34.1,34,50450,4014,0.050964042,13.14954412,0.074355538,3.94611712
431,Woodward,3217798484,104834,84.38069113,39,47,58706,3782,-0.000653436,14.50364507,0.071699512,4.435338597
432,Val Verde,8144863664,245135,77.95092419,26.8,71,45521,2689,-0.004818587,11.02905747,0.07621302,4.356079452
433,Harper,2075290355,28366,35.40128244,48.9,22,49455,4800,-0.002600416,17.10785132,0.07471186,3.566748047
434,Stephens,2253930694,219913,252.7028322,53.1,163,46166,1704,-0.048165015,18.16849695,0.075956101,5.532214222
435,Washington,2317418140,27627,30.87657284,29.3,15,48889,3196,0.000328144,11.77100009,0.074918543,3.429997736
436,Washington,6521806798,24199,9.610129822,39.8,15,49375,4796,0.083409847,14.72023159,0.074740895,2.262817732
437,Smith,2386603414,1125077,1220.960891,33.5,465,53511,1452,-0.078855153,12.9802396,0.073311763,7.107393443
438,Tulsa,1477122998,3213903,5635.284794,45.5,1593,53902,541,-0.02273312,16.23111368,0.073183779,8.636802965
439,McIntosh,1601897956,99094,160.2183579,59.3,105,37086,1988,-0.0348769,19.69381828,0.08005521,5.076537622
440,Robertson,2214719307,84452,98.76225818,51.6,62,54201,5421,-0.052113136,17.7923897,0.073086682,4.59271553
441,Gillespie,2740719114,131042,123.8356672,27.8,79,58325,4646,-0.030866329,11.32798593,0.071811643,4.818955422
442,Quay,7443334354,41865,14.56744314,33,26,27075,1630,0.117303764,12.83852633,0.086334339,2.678789117
443,King,2359148814,1401,1.538092883,0,0,65125,26021,-0.006453026,0,0.06993596,0.430543261
444,Tom Green,3941965407,587331,385.8956467,42,283,51675,2309,-0.008814861,15.30988689,0.073928634,5.955566988
445,Yoakum,2071252477,42856,53.58933362,33.2,12,68814,3598,0.016457748,12.89528073,0.069017237,3.981350049
446,Elk,1668636737,12808,19.88013284,54.2,14,38494,2496,-0.006946292,18.44248671,0.079342462,2.989720884
447,Somervell,482938555,43717,234.4543189,35.6,21,53162,9634,-0.047935856,13.56933294,0.073426983,5.457260767
448,Kenedy,3777375654,2175,1.491313154,0,0,36125,6795,-0.00204032,0,0.080561235,0.399657043
449,Borden,2324366073,3295,3.671560216,0,0,81985,13787,0.000768978,0,0.066176492,1.300616699
450,San Saba,2940447164,29812,26.25895848,27.2,13,44698,5395,-0.051592727,11.1489842,0.076547473,3.268007206
451,Kingfisher,2325960388,78088,86.95243524,48.8,46,60656,8548,-0.01704287,17.08230493,0.071139416,4.465361248
452,Burleson,1706888864,89316,135.5263631,46.6,65,56235,3507,-0.039080516,16.51664062,0.072443328,4.909166183
453,Bee,2279809496,163453,185.6923882,37,59,42032,4701,-0.014132641,13.9568451,0.077685647,5.224091478
454,Seward,1656693358,113462,177.3813956,28.9,27,47025,3239,0.02853108,11.65347437,0.075620769,5.178302192
455,Nemaha,1858127941,50521,70.42001098,33.6,24,58644,4415,-0.000420246,13.00851352,0.071717698,4.25447747
456,Norton,2274122715,27432,31.24232458,26.7,10,49891,4999,0.007575315,10.99900047,0.074554639,3.441773733
457,Coffey,1623623922,41479,66.16717612,57.4,38,58636,3782,-0.002068122,19.23116887,0.071720046,4.192184511
458,Grant,2592244802,22092,22.07286903,40.4,15,56287,5602,-0.006898128,14.8819005,0.07242726,3.094349209
459,Trinity,1796924651,72846,104.9966897,67.9,92,40407,3033,-0.035884903,21.74027009,0.078424257,4.653928823
460,Bernalillo,3007639331,3388459,2917.939235,27,1065,51643,692,0.05382928,11.0890808,0.073939626,7.978632905
461,Castro,2316600393,38934,43.52889704,43.4,21,45000,6963,0.021300376,15.68077425,0.076423865,3.773425017
462,Kearny,2254696663,19660,22.58370309,0,0,51314,5111,0.028843638,0,0.074053125,3.117228544
463,Brewster,16015869871,46081,7.451970512,30.4,21,43894,2762,0.00393546,12.09198824,0.076881662,2.008478496
464,Ellsworth,1853331063,31463,43.96903048,50.5,25,48188,4498,0.005425973,17.51470013,0.075178674,3.783485533
465,Hodgeman,2227369150,9244,10.74898609,0,0,53854,6908,0.019752516,0,0.073199428,2.374811432
466,Meade,2533222396,21305,21.78251309,42.9,11,55568,3521,0.022797854,15.54869066,0.072651077,3.081107496
467,Douglas,2176237637,1643070,1955.462596,21.8,292,115314,2028,0.082894258,9.485784201,0.060974509,7.578382067
468,Murray,1078284001,69373,166.6314903,50.1,48,51490,2683,-0.040688838,17.41331835,0.073992296,5.115784729
469,Conejos,3334445557,40712,31.62267255,21,12,34746,3572,0.095353707,9.230390724,0.08131728,3.453874349
470,Gregg,708052198,617470,2258.657348,47.9,345,49287,1254,-0.036394943,16.85174679,0.074772901,7.722525822
471,El Paso,5508504028,3440765,1617.786118,28.9,944,65334,786,0.099970702,11.65347437,0.069882202,7.3888139
472,Ward,2164201063,57930,69.32752348,49.4,31,64630,7127,0.014079316,17.23537245,0.070064141,4.238841991
473,Kiowa,4578603579,6856,3.878265435,0,0,39784,3824,0.090381738,0,0.078717261,1.355388001
474,Wilbarger,2514738099,64529,66.46024493,42,37,48773,6797,-0.020000253,15.30988689,0.074961269,4.196603948
475,Teller,1442734237,120564,216.4367851,24.9,43,65382,5275,0.092486062,10.4526287,0.069869886,5.377298519
476,Hamilton,2165008734,41347,49.46341708,47.2,36,47500,9960,-0.057688614,16.67161448,0.075438585,3.901233348
477,Anderson,1501277564,39251,67.71571922,72,42,46274,6396,-0.000963712,22.69095228,0.075913517,4.215318342
478,Gunnison,8389338082,82686,25.52725113,15.4,12,54979,3938,0.095285726,7.360208653,0.072837119,3.239746553
479,Stephens,2322497227,46860,52.25728521,53.5,37,45336,4604,-0.034682996,18.2683053,0.076287544,3.956179311
480,Baca,6617400546,17816,6.973046241,61.6,20,37500,2954,0.100258437,20.24854958,0.0798422,1.94205218
481,Lavaca,2511535251,99703,102.8178959,37.2,62,53021,3540,-0.029173926,14.01187796,0.0734738,4.632959423
482,Nowata,1465358446,51916,91.76078411,79.5,61,41895,2287,-0.009043596,24.3931566,0.07774654,4.519185018
483,Marshall,2331441887,48988,54.42079458,50.3,39,50234,2722,-0.00027059,17.46403645,0.074432145,3.996746334
484,Wichita,1861078197,10714,14.91031384,0,0,57566,10866,0.042583862,0,0.072037751,2.702053178
485,Elbert,4793643993,125809,67.97444918,26.8,33,96658,4279,0.06607676,11.02905747,0.063612568,4.219131887
486,Bosque,2545908079,90610,92.17925106,53,88,50882,2214,-0.076929236,18.14351319,0.074203536,4.523735063
487,Goliad,2206698607,37653,44.19328933,44.1,25,60492,4435,-0.015819783,15.86500343,0.071185656,3.788572952
488,Roberts,2393298464,4574,4.949930056,0,0,73854,12671,0.016606277,0,0.067856309,1.599373446
489,Callahan,2329363242,68848,76.55152996,38.8,41,44602,3204,-0.032768876,14.4493117,0.076586983,4.337964108
490,Rains,594280569,57364,250.0044049,50.1,50,49872,3879,-0.050202299,17.41331835,0.074561455,5.521478537
491,Grant,1488745972,38079,66.24676866,34.3,13,55455,9500,0.025702776,13.20579976,0.072686579,4.193386689
492,Sierra,10829248375,55673,13.31515032,46.4,66,30451,2520,0.036445069,16.46486317,0.083933556,2.588902509
493,Mesa,8621899288,749990,225.2953827,35.8,374,53683,1202,0.045236664,13.62494034,0.073255321,5.417412353
494,Morris,652649200,62121,246.5235382,64,62,42961,2609,-0.044580614,20.82146969,0.077279117,5.507457479
495,Leavenworth,1200213590,400210,863.6328639,55.1,239,71184,2277,-0.0005351,18.66554466,0.068458634,6.761147752
496,Lampasas,1846250642,103200,144.7734094,49.5,72,58194,3109,-0.055602747,17.26083477,0.071850407,4.975169826
497,Chautauqua,1654694134,16837,26.35401257,47.1,14,38690,2537,-0.009525338,16.64582261,0.079245809,3.271620543
498,Upshur,1509910100,203845,349.6622415,44.3,125,50906,4564,-0.055562639,15.91749493,0.074195138,5.856967664
499,Haskell,1493196083,63521,110.1793608,55.1,51,39375,2766,-0.028062835,18.66554466,0.078912729,4.702109591
500,Dolores,2763958517,10141,9.502743923,0,0,41714,7892,0.01390576,0,0.077827371,2.251580591
501,Arapahoe,2066632437,3183353,3989.526208,27.4,830,73925,902,0.103463248,11.20876879,0.067840662,8.291427758
502,Rooks,2306454196,25589,28.73480432,39.5,17,50511,2741,0.010377908,14.63915064,0.074333977,3.358109082
503,Wheeler,2368603579,27409,29.97095446,49.7,19,49352,6360,-0.003753314,17.31171779,0.074749253,3.400228728
504,San Patricio,1795990945,335229,483.4340131,43.6,163,55229,2202,-0.011095577,15.73349249,0.072757853,6.180914828
505,Moore,2330207187,109004,121.156763,38.5,36,51527,2468,0.032822207,14.36766961,0.073979541,4.797085269
506,Grady,2850308180,273664,248.6712717,52.2,175,58177,2037,-0.040972017,17.9431822,0.071855445,5.51613183
507,Webb,8706186712,1360264,404.6643929,21.3,213,42293,1239,-0.005904806,9.326465982,0.077570316,6.003058064
508,Blanco,1836948539,56397,79.51677845,32.8,34,63071,3656,-0.043362004,12.78167898,0.070475939,4.375968049
509,Reno,3251786677,315504,251.2942702,44.5,202,49174,1352,0.003519702,15.96992248,0.074814103,5.526624644
510,Newton,2418212542,70286,75.27904882,45.3,47,40950,3016,-0.0091769,16.17900046,0.078173411,4.32120186
511,Hockley,2352723904,115809,127.4885291,38.3,50,48116,2342,0.009414026,14.31314612,0.075205658,4.848026393
512,Payne,1773393751,407561,595.2332861,42.1,158,40944,1977,-0.018382507,15.33648838,0.07817616,6.388953406
513,Gray,2250356170,30187,34.74309136,28.8,10,64426,2378,0.019377191,11.62402448,0.070117322,3.547980742
514,Cimarron,4752113916,10945,5.965250518,0,0,46071,7925,0.069527646,0,0.075993661,1.785951053
515,Panola,2101400911,117201,144.4515363,58.7,97,51569,1915,-0.01806373,19.5481568,0.073965076,4.972944062
516,Anderson,2752198848,289314,272.2634887,57.9,197,43355,2033,-0.059617045,19.35331438,0.077109981,5.606770306
517,Valencia,2762854208,379778,356.017707,34.4,169,45084,2429,0.037010664,13.23389435,0.076389667,5.874980468
518,Cameron,2307806796,2108751,2366.604128,21.8,459,37132,1130,-0.000529565,9.485784201,0.080031397,7.769211349
519,Montgomery,2700380211,2772226,2658.909035,39.2,1111,77416,1496,-0.032283366,14.55790325,0.067093527,7.88567118
520,Las Animas,12361852575,70897,14.85402199,29.7,34,41945,3628,0.140844642,11.88809339,0.077724288,2.69827067
521,Llano,2419183490,103202,110.4890064,44.6,108,52178,2922,-0.036369578,15.99611239,0.073756962,4.704916026
522,Mason,2405674101,20804,22.39802972,41,18,40708,4263,-0.032146973,15.04292241,0.078284694,3.108972996
523,Wabaunsee,2057320865,34441,43.35842382,45.7,24,60450,3941,-0.001289253,16.28316509,0.071197523,3.769501005
524,Taylor,2371228263,681740,744.6379699,37.8,286,50818,1577,-0.016963786,14.17649973,0.074225953,6.612898154
525,Hartley,3786435510,28833,19.7223668,37,12,59280,9890,0.061851963,13.9568451,0.071532274,2.981753362
526,Grand,4782260510,75331,40.79813084,0,0,70469,6695,0.069211881,0,0.068624699,3.708636268
527,Jim Wells,2240779987,205962,238.0606678,26.2,60,42005,5407,-0.008697682,10.84825644,0.077697628,5.472525548
528,Zapata,2585876219,71844,71.95857197,19.6,13,31113,4819,-0.002154795,8.77701685,0.083501436,4.276090564
529,Sedgwick,2583469467,2560320,2566.792015,41.4,1180,54974,758,-0.000994506,15.14991684,0.072838709,7.850412155
530,Travis,2568875749,6015828,6065.297057,28,1258,71767,823,-0.044100826,11.38742063,0.06832475,8.710338799
531,Jackson,1699600348,66591,101.4772033,33.3,32,55904,3009,-0.000703207,12.92362329,0.072546039,4.619834175
532,Garfield,2741479095,310950,293.7686089,48.9,184,51332,2166,-0.015195866,17.10785132,0.074046892,5.682792413
533,Howard,2333039137,183333,203.5252913,41.7,80,51528,2638,0.000811339,15.22997955,0.073979197,5.315790279
