NEW_ID,NID,WEIGHT
187,138,0.5
187,342,0.5
8,138,0.25
8,156,0.25
8,210,0.25
8,492,0.25
138,8,0.25
138,187,0.25
138,342,0.25
138,492,0.25
156,8,0.166666667
156,151,0.166666667
156,210,0.166666667
156,358,0.166666667
156,460,0.166666667
156,517,0.166666667
342,138,0.25
342,177,0.25
342,187,0.25
342,492,0.25
492,7,0.142857143
492,8,0.142857143
492,138,0.142857143
492,177,0.142857143
492,210,0.142857143
492,301,0.142857143
492,342,0.142857143
210,8,0.166666667
210,156,0.166666667
210,301,0.166666667
210,331,0.166666667
210,492,0.166666667
210,517,0.166666667
177,7,0.25
177,342,0.25
177,416,0.25
177,492,0.25
517,156,0.25
517,210,0.25
517,331,0.25
517,460,0.25
460,151,0.2
460,156,0.2
460,331,0.2
460,422,0.2
460,517,0.2
416,7,0.333333333
416,177,0.333333333
416,266,0.333333333
331,73,0.142857143
331,210,0.142857143
331,301,0.142857143
331,320,0.142857143
331,422,0.142857143
331,460,0.142857143
331,517,0.142857143
7,177,0.125
7,224,0.125
7,266,0.125
7,301,0.125
7,393,0.125
7,416,0.125
7,421,0.125
7,492,0.125
301,1,0.142857143
301,7,0.142857143
301,210,0.142857143
301,320,0.142857143
301,331,0.142857143
301,421,0.142857143
301,492,0.142857143
266,7,0.25
266,308,0.25
266,393,0.25
266,416,0.25
393,7,0.2
393,224,0.2
393,266,0.2
393,308,0.2
393,341,0.2
214,308,0.5
214,463,0.5
308,214,0.166666667
308,232,0.166666667
308,266,0.166666667
308,341,0.166666667
308,393,0.166666667
308,463,0.166666667
341,224,0.166666667
341,232,0.166666667
341,308,0.166666667
341,393,0.166666667
341,417,0.166666667
341,472,0.166666667
417,224,0.2
417,243,0.2
417,341,0.2
417,402,0.2
417,472,0.2
463,214,0.25
463,232,0.25
463,308,0.25
463,349,0.25
472,89,0.166666667
472,232,0.166666667
472,243,0.166666667
472,341,0.166666667
472,376,0.166666667
472,417,0.166666667
243,165,0.2
243,376,0.2
243,402,0.2
243,417,0.2
243,472,0.2
232,89,0.142857143
232,308,0.142857143
232,341,0.142857143
232,349,0.142857143
232,410,0.142857143
232,463,0.142857143
232,472,0.142857143
165,160,0.166666667
165,161,0.166666667
165,199,0.166666667
165,243,0.166666667
165,376,0.166666667
165,402,0.166666667
376,89,0.166666667
376,107,0.166666667
376,165,0.166666667
376,199,0.166666667
376,243,0.166666667
376,472,0.166666667
89,107,0.2
89,232,0.2
89,376,0.2
89,410,0.2
89,472,0.2
349,232,0.25
349,410,0.25
349,432,0.25
349,463,0.25
107,84,0.2
107,89,0.2
107,199,0.2
107,376,0.2
107,410,0.2
199,107,0.2
199,161,0.2
199,165,0.2
199,259,0.2
199,376,0.2
161,160,0.166666667
161,165,0.166666667
161,199,0.166666667
161,230,0.166666667
161,259,0.166666667
161,533,0.166666667
84,107,0.166666667
84,242,0.166666667
84,259,0.166666667
84,290,0.166666667
84,410,0.166666667
84,444,0.166666667
259,84,0.2
259,161,0.2
259,199,0.2
259,242,0.2
259,533,0.2
533,161,0.2
533,242,0.2
533,259,0.2
533,304,0.2
533,449,0.2
410,42,0.111111111
410,70,0.111111111
410,84,0.111111111
410,89,0.111111111
410,107,0.111111111
410,232,0.111111111
410,290,0.111111111
410,349,0.111111111
410,432,0.111111111
320,1,0.2
320,73,0.2
320,301,0.2
320,331,0.2
320,442,0.2
421,1,0.166666667
421,7,0.166666667
421,224,0.166666667
421,274,0.166666667
421,301,0.166666667
421,402,0.166666667
1,274,0.2
1,301,0.2
1,320,0.2
1,421,0.2
1,442,0.2
224,7,0.166666667
224,341,0.166666667
224,393,0.166666667
224,402,0.166666667
224,417,0.166666667
224,421,0.166666667
442,1,0.1
442,37,0.1
442,73,0.1
442,95,0.1
442,183,0.1
442,250,0.1
442,274,0.1
442,320,0.1
442,352,0.1
442,525,0.1
274,1,0.142857143
274,250,0.142857143
274,273,0.142857143
274,392,0.142857143
274,402,0.142857143
274,421,0.142857143
274,442,0.142857143
402,160,0.111111111
402,165,0.111111111
402,224,0.111111111
402,243,0.111111111
402,273,0.111111111
402,274,0.111111111
402,417,0.111111111
402,421,0.111111111
402,445,0.111111111
250,172,0.2
250,274,0.2
250,352,0.2
250,392,0.2
250,442,0.2
273,274,0.2
273,392,0.2
273,402,0.2
273,445,0.2
273,511,0.2
445,160,0.25
445,182,0.25
445,273,0.25
445,402,0.25
160,161,0.166666667
160,165,0.166666667
160,182,0.166666667
160,230,0.166666667
160,402,0.166666667
160,445,0.166666667
511,182,0.25
511,218,0.25
511,273,0.25
511,426,0.25
182,92,0.2
182,160,0.2
182,230,0.2
182,445,0.2
182,511,0.2
230,92,0.2
230,160,0.2
230,161,0.2
230,182,0.2
230,449,0.2
218,3,0.25
218,48,0.25
218,92,0.25
218,511,0.25
92,168,0.2
92,182,0.2
92,218,0.2
92,230,0.2
92,449,0.2
449,92,0.166666667
449,168,0.166666667
449,230,0.166666667
449,304,0.166666667
449,372,0.166666667
449,533,0.166666667
48,136,0.25
48,168,0.25
48,218,0.25
48,424,0.25
168,48,0.2
168,92,0.2
168,372,0.2
168,415,0.2
168,449,0.2
392,172,0.2
392,250,0.2
392,273,0.2
392,274,0.2
392,426,0.2
172,250,0.2
172,352,0.2
172,392,0.2
172,426,0.2
172,461,0.2
352,95,0.166666667
352,113,0.166666667
352,172,0.166666667
352,250,0.166666667
352,442,0.166666667
352,461,0.166666667
426,3,0.2
426,172,0.2
426,392,0.2
426,461,0.2
426,511,0.2
461,3,0.166666667
461,113,0.166666667
461,172,0.166666667
461,238,0.166666667
461,352,0.166666667
461,426,0.166666667
113,4,0.2
113,166,0.2
113,238,0.2
113,352,0.2
113,461,0.2
3,136,0.2
3,218,0.2
3,238,0.2
3,426,0.2
3,461,0.2
238,3,0.166666667
238,4,0.166666667
238,79,0.166666667
238,113,0.166666667
238,136,0.166666667
238,461,0.166666667
4,79,0.2
4,113,0.2
4,186,0.2
4,238,0.2
4,280,0.2
136,3,0.2
136,48,0.2
136,79,0.2
136,195,0.2
136,238,0.2
188,34,0.333333333
188,298,0.333333333
188,500,0.333333333
500,40,0.333333333
500,110,0.333333333
500,188,0.333333333
110,40,0.25
110,108,0.25
110,249,0.25
110,500,0.25
298,34,0.166666667
298,151,0.166666667
298,188,0.166666667
298,263,0.166666667
298,358,0.166666667
298,364,0.166666667
358,151,0.333333333
358,156,0.333333333
358,298,0.333333333
34,40,0.2
34,188,0.2
34,263,0.2
34,278,0.2
34,298,0.2
40,34,0.2
40,110,0.2
40,249,0.2
40,278,0.2
40,500,0.2
278,5,0.142857143
278,34,0.142857143
278,40,0.142857143
278,219,0.142857143
278,249,0.142857143
278,263,0.142857143
278,478,0.142857143
263,34,0.142857143
263,219,0.142857143
263,278,0.142857143
263,298,0.142857143
263,327,0.142857143
263,364,0.142857143
263,469,0.142857143
219,5,0.25
219,263,0.25
219,278,0.25
219,327,0.25
151,156,0.142857143
151,216,0.142857143
151,298,0.142857143
151,358,0.142857143
151,364,0.142857143
151,422,0.142857143
151,460,0.142857143
364,125,0.125
364,151,0.125
364,216,0.125
364,217,0.125
364,263,0.125
364,298,0.125
364,422,0.125
364,469,0.125
327,5,0.2
327,67,0.2
327,219,0.2
327,263,0.2
327,469,0.2
216,151,0.333333333
216,364,0.333333333
216,422,0.333333333
5,27,0.111111111
5,67,0.111111111
5,121,0.111111111
5,123,0.111111111
5,141,0.111111111
5,219,0.111111111
5,278,0.111111111
5,327,0.111111111
5,478,0.111111111
469,67,0.166666667
469,115,0.166666667
469,125,0.166666667
469,263,0.166666667
469,327,0.166666667
469,364,0.166666667
422,73,0.142857143
422,151,0.142857143
422,216,0.142857143
422,217,0.142857143
422,331,0.142857143
422,364,0.142857143
422,460,0.142857143
67,5,0.2
67,115,0.2
67,141,0.2
67,327,0.2
67,469,0.2
125,115,0.2
125,139,0.2
125,217,0.2
125,364,0.2
125,469,0.2
115,67,0.166666667
115,125,0.166666667
115,139,0.166666667
115,141,0.166666667
115,469,0.166666667
115,520,0.166666667
141,5,0.166666667
141,27,0.166666667
141,67,0.166666667
141,91,0.166666667
141,115,0.166666667
141,520,0.166666667
493,60,0.2
493,108,0.2
493,159,0.2
493,163,0.2
493,478,0.2
108,110,0.2
108,159,0.2
108,249,0.2
108,478,0.2
108,493,0.2
174,77,0.333333333
174,163,0.333333333
174,277,0.333333333
77,174,0.5
77,277,0.5
163,60,0.2
163,109,0.2
163,174,0.2
163,277,0.2
163,493,0.2
159,108,0.333333333
159,478,0.333333333
159,493,0.333333333
249,40,0.2
249,108,0.2
249,110,0.2
249,278,0.2
249,478,0.2
478,5,0.125
478,60,0.125
478,108,0.125
478,121,0.125
478,159,0.125
478,249,0.125
478,278,0.125
478,493,0.125
277,77,0.166666667
277,109,0.166666667
277,163,0.166666667
277,174,0.166666667
277,403,0.166666667
277,526,0.166666667
60,109,0.166666667
60,121,0.166666667
60,163,0.166666667
60,316,0.166666667
60,478,0.166666667
60,493,0.166666667
109,60,0.166666667
109,85,0.166666667
109,163,0.166666667
109,277,0.166666667
109,316,0.166666667
109,526,0.166666667
316,60,0.2
316,65,0.2
316,85,0.2
316,109,0.2
316,121,0.2
403,277,0.333333333
403,309,0.333333333
403,526,0.333333333
121,5,0.166666667
121,60,0.166666667
121,65,0.166666667
121,123,0.166666667
121,316,0.166666667
121,478,0.166666667
526,85,0.125
526,103,0.125
526,109,0.125
526,277,0.125
526,309,0.125
526,373,0.125
526,403,0.125
526,407,0.125
85,65,0.2
85,109,0.2
85,316,0.2
85,407,0.2
85,526,0.2
65,83,0.142857143
65,85,0.142857143
65,121,0.142857143
65,123,0.142857143
65,316,0.142857143
65,407,0.142857143
65,475,0.142857143
407,65,0.2
407,83,0.2
407,85,0.2
407,373,0.2
407,526,0.2
373,83,0.25
373,103,0.25
373,407,0.25
373,526,0.25
309,103,0.25
309,293,0.25
309,403,0.25
309,526,0.25
123,5,0.142857143
123,27,0.142857143
123,65,0.142857143
123,91,0.142857143
123,121,0.142857143
123,471,0.142857143
123,475,0.142857143
27,5,0.25
27,91,0.25
27,123,0.25
27,141,0.25
103,83,0.166666667
103,117,0.166666667
103,293,0.166666667
103,309,0.166666667
103,373,0.166666667
103,526,0.166666667
83,65,0.1
83,103,0.1
83,105,0.1
83,117,0.1
83,205,0.1
83,373,0.1
83,407,0.1
83,467,0.1
83,475,0.1
83,501,0.1
475,65,0.2
475,83,0.2
475,123,0.2
475,467,0.2
475,471,0.2
117,83,0.25
117,103,0.25
117,205,0.25
117,293,0.25
217,73,0.166666667
217,125,0.166666667
217,139,0.166666667
217,183,0.166666667
217,364,0.166666667
217,422,0.166666667
73,183,0.166666667
73,217,0.166666667
73,320,0.166666667
73,331,0.166666667
73,422,0.166666667
73,442,0.166666667
139,37,0.166666667
139,115,0.166666667
139,125,0.166666667
139,183,0.166666667
139,217,0.166666667
139,520,0.166666667
520,37,0.125
520,91,0.125
520,115,0.125
520,139,0.125
520,141,0.125
520,239,0.125
520,257,0.125
520,480,0.125
183,37,0.2
183,73,0.2
183,139,0.2
183,217,0.2
183,442,0.2
239,91,0.2
239,122,0.2
239,257,0.2
239,473,0.2
239,520,0.2
37,139,0.125
37,183,0.125
37,299,0.125
37,442,0.125
37,480,0.125
37,514,0.125
37,520,0.125
37,525,0.125
95,166,0.2
95,352,0.2
95,442,0.2
95,505,0.2
95,525,0.2
525,37,0.2
525,95,0.2
525,299,0.2
525,442,0.2
525,505,0.2
299,37,0.25
299,389,0.25
299,514,0.25
299,525,0.25
166,95,0.25
166,113,0.25
166,186,0.25
166,505,0.25
389,299,0.2
389,360,0.2
389,430,0.2
389,505,0.2
389,514,0.2
505,95,0.166666667
505,166,0.166666667
505,186,0.166666667
505,389,0.166666667
505,429,0.166666667
505,525,0.166666667
429,186,0.25
429,360,0.25
429,488,0.25
429,505,0.25
360,88,0.2
360,389,0.2
360,429,0.2
360,430,0.2
360,488,0.2
186,4,0.166666667
186,166,0.166666667
186,265,0.166666667
186,429,0.166666667
186,488,0.166666667
186,505,0.166666667
257,69,0.2
257,239,0.2
257,473,0.2
257,480,0.2
257,520,0.2
480,37,0.142857143
480,69,0.142857143
480,101,0.142857143
480,223,0.142857143
480,257,0.142857143
480,514,0.142857143
480,520,0.142857143
514,37,0.166666667
514,223,0.166666667
514,299,0.166666667
514,389,0.166666667
514,430,0.166666667
514,480,0.166666667
69,32,0.166666667
69,62,0.166666667
69,101,0.166666667
69,257,0.166666667
69,473,0.166666667
69,480,0.166666667
223,101,0.2
223,201,0.2
223,430,0.2
223,480,0.2
223,514,0.2
32,62,0.2
32,69,0.2
32,101,0.2
32,462,0.2
32,484,0.2
101,32,0.166666667
101,69,0.166666667
101,201,0.166666667
101,223,0.166666667
101,480,0.166666667
101,491,0.166666667
430,88,0.125
430,201,0.125
430,223,0.125
430,360,0.125
430,385,0.125
430,389,0.125
430,454,0.125
430,514,0.125
462,32,0.2
462,200,0.2
462,413,0.2
462,484,0.2
462,491,0.2
201,101,0.166666667
201,223,0.166666667
201,384,0.166666667
201,430,0.166666667
201,454,0.166666667
201,491,0.166666667
491,101,0.25
491,201,0.25
491,384,0.25
491,462,0.25
467,83,0.2
467,471,0.2
467,475,0.2
467,485,0.2
467,501,0.2
105,83,0.333333333
105,205,0.333333333
105,501,0.333333333
471,91,0.166666667
471,123,0.166666667
471,181,0.166666667
471,467,0.166666667
471,475,0.166666667
471,485,0.166666667
91,27,0.142857143
91,122,0.142857143
91,123,0.142857143
91,141,0.142857143
91,239,0.142857143
91,471,0.142857143
91,520,0.142857143
293,103,0.166666667
293,117,0.166666667
293,175,0.166666667
293,205,0.166666667
293,309,0.166666667
293,412,0.166666667
501,83,0.142857143
501,105,0.142857143
501,181,0.142857143
501,205,0.142857143
501,436,0.142857143
501,467,0.142857143
501,485,0.142857143
205,83,0.142857143
205,105,0.142857143
205,117,0.142857143
205,175,0.142857143
205,293,0.142857143
205,436,0.142857143
205,501,0.142857143
485,181,0.25
485,467,0.25
485,471,0.25
485,501,0.25
175,205,0.25
175,293,0.25
175,412,0.25
175,436,0.25
122,91,0.25
122,181,0.25
122,239,0.25
122,473,0.25
181,24,0.125
181,122,0.125
181,404,0.125
181,436,0.125
181,471,0.125
181,473,0.125
181,485,0.125
181,501,0.125
436,175,0.142857143
436,181,0.142857143
436,205,0.142857143
436,388,0.142857143
436,404,0.142857143
436,412,0.142857143
436,501,0.142857143
412,21,0.166666667
412,175,0.166666667
412,248,0.166666667
412,293,0.166666667
412,388,0.166666667
412,436,0.166666667
473,24,0.142857143
473,62,0.142857143
473,69,0.142857143
473,122,0.142857143
473,181,0.142857143
473,239,0.142857143
473,257,0.142857143
24,38,0.2
24,62,0.2
24,181,0.2
24,404,0.2
24,473,0.2
404,24,0.142857143
404,38,0.142857143
404,132,0.142857143
404,158,0.142857143
404,181,0.142857143
404,388,0.142857143
404,436,0.142857143
388,158,0.2
388,248,0.2
388,404,0.2
388,412,0.2
388,436,0.2
248,21,0.333333333
248,388,0.333333333
248,412,0.333333333
21,248,0.5
21,412,0.5
62,24,0.166666667
62,32,0.166666667
62,38,0.166666667
62,69,0.166666667
62,473,0.166666667
62,484,0.166666667
38,24,0.166666667
38,62,0.166666667
38,132,0.166666667
38,319,0.166666667
38,404,0.166666667
38,484,0.166666667
158,132,0.25
158,350,0.25
158,388,0.25
158,404,0.25
132,38,0.166666667
132,158,0.166666667
132,319,0.166666667
132,350,0.166666667
132,351,0.166666667
132,404,0.166666667
484,32,0.166666667
484,38,0.166666667
484,62,0.166666667
484,200,0.166666667
484,319,0.166666667
484,462,0.166666667
507,23,0.166666667
507,25,0.166666667
507,144,0.166666667
507,155,0.166666667
507,425,0.166666667
507,528,0.166666667
528,23,0.333333333
528,400,0.333333333
528,507,0.333333333
400,23,0.25
400,39,0.25
400,296,0.25
400,528,0.25
23,144,0.2
23,296,0.2
23,400,0.2
23,507,0.2
23,528,0.2
144,23,0.166666667
144,64,0.166666667
144,296,0.166666667
144,386,0.166666667
144,507,0.166666667
144,527,0.166666667
296,23,0.142857143
296,39,0.142857143
296,144,0.142857143
296,157,0.142857143
296,400,0.142857143
296,448,0.142857143
296,527,0.142857143
39,215,0.2
39,296,0.2
39,400,0.2
39,448,0.2
39,518,0.2
527,144,0.166666667
527,157,0.166666667
527,296,0.166666667
527,343,0.166666667
527,386,0.166666667
527,504,0.166666667
157,296,0.25
157,343,0.25
157,448,0.25
157,527,0.25
448,39,0.25
448,157,0.25
448,215,0.25
448,296,0.25
215,39,0.333333333
215,448,0.333333333
215,518,0.333333333
343,120,0.25
343,157,0.25
343,504,0.25
343,527,0.25
518,39,0.5
518,215,0.5
75,153,0.25
75,155,0.25
75,390,0.25
75,432,0.25
155,25,0.25
155,51,0.25
155,75,0.25
155,507,0.25
390,36,0.166666667
390,51,0.166666667
390,75,0.166666667
390,153,0.166666667
390,185,0.166666667
390,194,0.166666667
51,25,0.25
51,155,0.25
51,245,0.25
51,390,0.25
25,51,0.2
25,155,0.2
25,245,0.2
25,425,0.2
25,507,0.2
194,36,0.2
194,102,0.2
194,245,0.2
194,390,0.2
194,394,0.2
245,25,0.2
245,51,0.2
245,194,0.2
245,394,0.2
245,425,0.2
425,25,0.2
425,64,0.2
425,245,0.2
425,394,0.2
425,507,0.2
64,144,0.25
64,386,0.25
64,394,0.25
64,425,0.25
394,64,0.125
394,102,0.125
394,142,0.125
394,194,0.125
394,245,0.125
394,386,0.125
394,396,0.125
394,425,0.125
102,36,0.142857143
102,119,0.142857143
102,133,0.142857143
102,194,0.142857143
102,234,0.142857143
102,394,0.142857143
102,396,0.142857143
386,64,0.142857143
386,142,0.142857143
386,144,0.142857143
386,394,0.142857143
386,453,0.142857143
386,504,0.142857143
386,527,0.142857143
396,14,0.2
396,102,0.2
396,142,0.2
396,234,0.2
396,394,0.2
142,14,0.142857143
142,55,0.142857143
142,386,0.142857143
142,394,0.142857143
142,396,0.142857143
142,453,0.142857143
142,487,0.142857143
453,20,0.2
453,142,0.2
453,386,0.2
453,487,0.2
453,504,0.2
504,20,0.166666667
504,120,0.166666667
504,343,0.166666667
504,386,0.166666667
504,453,0.166666667
504,527,0.166666667
14,55,0.142857143
14,78,0.142857143
14,142,0.142857143
14,169,0.142857143
14,234,0.142857143
14,396,0.142857143
14,481,0.142857143
432,70,0.2
432,75,0.2
432,153,0.2
432,349,0.2
432,410,0.2
42,2,0.2
42,70,0.2
42,290,0.2
42,410,0.2
42,444,0.2
70,42,0.2
70,153,0.2
70,408,0.2
70,410,0.2
70,432,0.2
153,17,0.142857143
153,70,0.142857143
153,75,0.142857143
153,185,0.142857143
153,390,0.142857143
153,408,0.142857143
153,432,0.142857143
185,17,0.25
185,36,0.25
185,153,0.25
185,390,0.25
2,42,0.2
2,322,0.2
2,408,0.2
2,409,0.2
2,522,0.2
408,2,0.166666667
408,17,0.166666667
408,70,0.166666667
408,153,0.166666667
408,441,0.166666667
408,522,0.166666667
17,36,0.166666667
17,133,0.166666667
17,153,0.166666667
17,185,0.166666667
17,408,0.166666667
17,441,0.166666667
409,2,0.166666667
409,87,0.166666667
409,313,0.166666667
409,322,0.166666667
409,450,0.166666667
409,522,0.166666667
242,84,0.166666667
242,259,0.166666667
242,304,0.166666667
242,323,0.166666667
242,444,0.166666667
242,533,0.166666667
290,42,0.25
290,84,0.25
290,410,0.25
290,444,0.25
304,28,0.166666667
304,242,0.166666667
304,323,0.166666667
304,372,0.166666667
304,449,0.166666667
304,533,0.166666667
372,168,0.2
372,304,0.2
372,321,0.2
372,415,0.2
372,449,0.2
323,28,0.2
323,242,0.2
323,304,0.2
323,348,0.2
323,444,0.2
444,42,0.142857143
444,84,0.142857143
444,242,0.142857143
444,290,0.142857143
444,322,0.142857143
444,323,0.142857143
444,348,0.142857143
28,304,0.2
28,321,0.2
28,323,0.2
28,348,0.2
28,524,0.2
321,28,0.2
321,63,0.2
321,284,0.2
321,372,0.2
321,415,0.2
348,28,0.166666667
348,87,0.166666667
348,322,0.166666667
348,323,0.166666667
348,444,0.166666667
348,524,0.166666667
524,28,0.2
524,87,0.2
524,284,0.2
524,348,0.2
524,489,0.2
284,63,0.166666667
284,130,0.166666667
284,314,0.166666667
284,321,0.166666667
284,489,0.166666667
284,524,0.166666667
322,2,0.2
322,87,0.2
322,348,0.2
322,409,0.2
322,444,0.2
87,313,0.166666667
87,322,0.166666667
87,348,0.166666667
87,409,0.166666667
87,489,0.166666667
87,524,0.166666667
489,54,0.166666667
489,87,0.166666667
489,130,0.166666667
489,284,0.166666667
489,313,0.166666667
489,524,0.166666667
130,54,0.166666667
130,284,0.166666667
130,314,0.166666667
130,368,0.166666667
130,479,0.166666667
130,489,0.166666667
36,17,0.166666667
36,102,0.166666667
36,133,0.166666667
36,185,0.166666667
36,194,0.166666667
36,390,0.166666667
522,2,0.166666667
522,408,0.166666667
522,409,0.166666667
522,441,0.166666667
522,450,0.166666667
522,521,0.166666667
441,17,0.166666667
441,133,0.166666667
441,408,0.166666667
441,508,0.166666667
441,521,0.166666667
441,522,0.166666667
450,94,0.142857143
450,264,0.142857143
450,313,0.142857143
450,409,0.142857143
450,496,0.142857143
450,521,0.142857143
450,522,0.142857143
133,17,0.166666667
133,36,0.166666667
133,102,0.166666667
133,119,0.166666667
133,441,0.166666667
133,508,0.166666667
521,264,0.2
521,441,0.2
521,450,0.2
521,508,0.2
521,522,0.2
508,119,0.142857143
508,133,0.142857143
508,193,0.142857143
508,264,0.142857143
508,441,0.142857143
508,521,0.142857143
508,530,0.142857143
119,102,0.2
119,133,0.2
119,193,0.2
119,234,0.2
119,508,0.2
264,35,0.142857143
264,272,0.142857143
264,450,0.142857143
264,496,0.142857143
264,508,0.142857143
264,521,0.142857143
264,530,0.142857143
193,119,0.2
193,169,0.2
193,234,0.2
193,508,0.2
193,530,0.2
234,14,0.166666667
234,102,0.166666667
234,119,0.166666667
234,169,0.166666667
234,193,0.166666667
234,396,0.166666667
530,169,0.166666667
530,193,0.166666667
530,264,0.166666667
530,272,0.166666667
530,369,0.166666667
530,508,0.166666667
169,14,0.166666667
169,78,0.166666667
169,193,0.166666667
169,234,0.166666667
169,369,0.166666667
169,530,0.166666667
272,35,0.166666667
272,264,0.166666667
272,328,0.166666667
272,340,0.166666667
272,369,0.166666667
272,530,0.166666667
35,57,0.142857143
35,116,0.142857143
35,211,0.142857143
35,264,0.142857143
35,272,0.142857143
35,340,0.142857143
35,496,0.142857143
313,54,0.142857143
313,87,0.142857143
313,94,0.142857143
313,262,0.142857143
313,409,0.142857143
313,450,0.142857143
313,489,0.142857143
479,54,0.2
479,130,0.2
479,326,0.2
479,368,0.2
479,382,0.2
54,112,0.142857143
54,130,0.142857143
54,262,0.142857143
54,313,0.142857143
54,382,0.142857143
54,479,0.142857143
54,489,0.142857143
94,262,0.2
94,313,0.2
94,450,0.2
94,476,0.2
94,496,0.2
262,54,0.2
262,94,0.2
262,112,0.2
262,313,0.2
262,476,0.2
382,54,0.142857143
382,74,0.142857143
382,112,0.142857143
382,126,0.142857143
382,326,0.142857143
382,332,0.142857143
382,479,0.142857143
496,35,0.166666667
496,94,0.166666667
496,116,0.166666667
496,264,0.166666667
496,450,0.166666667
496,476,0.166666667
112,54,0.142857143
112,262,0.142857143
112,332,0.142857143
112,382,0.142857143
112,447,0.142857143
112,476,0.142857143
112,486,0.142857143
476,94,0.166666667
476,112,0.166666667
476,116,0.166666667
476,262,0.166666667
476,486,0.166666667
476,496,0.166666667
332,74,0.2
332,112,0.2
332,145,0.2
332,382,0.2
332,447,0.2
74,126,0.166666667
74,145,0.166666667
74,235,0.166666667
74,256,0.166666667
74,332,0.166666667
74,382,0.166666667
116,35,0.2
116,57,0.2
116,476,0.2
116,486,0.2
116,496,0.2
447,112,0.25
447,145,0.25
447,332,0.25
447,486,0.25
486,57,0.142857143
486,112,0.142857143
486,116,0.142857143
486,145,0.142857143
486,411,0.142857143
486,447,0.142857143
486,476,0.142857143
487,20,0.2
487,55,0.2
487,142,0.2
487,202,0.2
487,453,0.2
55,14,0.2
55,142,0.2
55,202,0.2
55,481,0.2
55,487,0.2
20,9,0.166666667
20,120,0.166666667
20,202,0.166666667
20,453,0.166666667
20,487,0.166666667
20,504,0.166666667
120,9,0.25
120,20,0.25
120,343,0.25
120,504,0.25
202,9,0.166666667
202,20,0.166666667
202,55,0.166666667
202,236,0.166666667
202,481,0.166666667
202,487,0.166666667
9,20,0.2
9,120,0.2
9,202,0.2
9,236,0.2
9,380,0.2
236,9,0.166666667
236,135,0.166666667
236,202,0.166666667
236,255,0.166666667
236,380,0.166666667
236,481,0.166666667
135,72,0.166666667
135,236,0.166666667
135,255,0.166666667
135,367,0.166666667
135,380,0.166666667
135,428,0.166666667
380,9,0.25
380,135,0.25
380,236,0.25
380,367,0.25
369,78,0.2
369,169,0.2
369,272,0.2
369,328,0.2
369,530,0.2
328,78,0.166666667
328,90,0.166666667
328,272,0.166666667
328,340,0.166666667
328,369,0.166666667
328,452,0.166666667
481,14,0.166666667
481,55,0.166666667
481,78,0.166666667
481,202,0.166666667
481,236,0.166666667
481,255,0.166666667
78,14,0.125
78,90,0.125
78,169,0.125
78,255,0.125
78,328,0.125
78,369,0.125
78,428,0.125
78,481,0.125
452,29,0.2
452,90,0.2
452,328,0.2
452,340,0.2
452,440,0.2
255,78,0.2
255,135,0.2
255,236,0.2
255,428,0.2
255,481,0.2
90,29,0.142857143
90,78,0.142857143
90,154,0.142857143
90,285,0.142857143
90,328,0.142857143
90,428,0.142857143
90,452,0.142857143
428,72,0.166666667
428,78,0.166666667
428,90,0.166666667
428,135,0.166666667
428,154,0.166666667
428,255,0.166666667
154,72,0.166666667
154,90,0.166666667
154,229,0.166666667
154,285,0.166666667
154,428,0.166666667
154,519,0.166666667
72,135,0.2
72,154,0.2
72,229,0.2
72,367,0.2
72,428,0.2
519,131,0.166666667
519,154,0.166666667
519,226,0.166666667
519,229,0.166666667
519,285,0.166666667
519,356,0.166666667
367,72,0.2
367,135,0.2
367,228,0.2
367,229,0.2
367,380,0.2
229,72,0.142857143
229,154,0.142857143
229,228,0.142857143
229,356,0.142857143
229,361,0.142857143
229,367,0.142857143
229,519,0.142857143
228,229,0.333333333
228,361,0.333333333
228,367,0.333333333
356,33,0.142857143
356,131,0.142857143
356,229,0.142857143
356,324,0.142857143
356,361,0.142857143
356,362,0.142857143
356,519,0.142857143
361,33,0.25
361,228,0.25
361,229,0.25
361,356,0.25
362,12,0.166666667
362,33,0.166666667
362,208,0.166666667
362,324,0.166666667
362,356,0.166666667
362,357,0.166666667
33,12,0.25
33,356,0.25
33,361,0.25
33,362,0.25
12,33,0.25
12,357,0.25
12,362,0.25
12,510,0.25
57,35,0.166666667
57,116,0.166666667
57,211,0.166666667
57,377,0.166666667
57,411,0.166666667
57,486,0.166666667
340,35,0.166666667
340,211,0.166666667
340,272,0.166666667
340,328,0.166666667
340,440,0.166666667
340,452,0.166666667
211,35,0.2
211,57,0.2
211,340,0.2
211,377,0.2
211,440,0.2
377,57,0.142857143
377,59,0.142857143
377,211,0.142857143
377,295,0.142857143
377,347,0.142857143
377,411,0.142857143
377,440,0.142857143
440,29,0.166666667
440,59,0.166666667
440,211,0.166666667
440,340,0.166666667
440,377,0.166666667
440,452,0.166666667
29,90,0.2
29,285,0.2
29,336,0.2
29,440,0.2
29,452,0.2
347,59,0.2
347,225,0.2
347,295,0.2
347,377,0.2
347,516,0.2
59,99,0.166666667
59,336,0.166666667
59,347,0.166666667
59,377,0.166666667
59,440,0.166666667
59,516,0.166666667
285,29,0.166666667
285,90,0.166666667
285,154,0.166666667
285,226,0.166666667
285,336,0.166666667
285,519,0.166666667
336,29,0.2
336,59,0.2
336,99,0.2
336,226,0.2
336,285,0.2
226,99,0.166666667
226,131,0.166666667
226,285,0.166666667
226,336,0.166666667
226,459,0.166666667
226,519,0.166666667
145,74,0.142857143
145,235,0.142857143
145,268,0.142857143
145,332,0.142857143
145,411,0.142857143
145,447,0.142857143
145,486,0.142857143
235,74,0.166666667
235,145,0.166666667
235,256,0.166666667
235,268,0.166666667
235,378,0.166666667
235,406,0.166666667
411,57,0.166666667
411,145,0.166666667
411,268,0.166666667
411,295,0.166666667
411,377,0.166666667
411,486,0.166666667
268,143,0.142857143
268,145,0.142857143
268,225,0.142857143
268,235,0.142857143
268,295,0.142857143
268,406,0.142857143
268,411,0.142857143
406,52,0.166666667
406,143,0.166666667
406,235,0.166666667
406,268,0.166666667
406,365,0.166666667
406,378,0.166666667
295,225,0.2
295,268,0.2
295,347,0.2
295,377,0.2
295,411,0.2
52,143,0.25
52,303,0.25
52,365,0.25
52,406,0.25
143,52,0.166666667
143,225,0.166666667
143,268,0.166666667
143,279,0.166666667
143,303,0.166666667
143,406,0.166666667
225,143,0.125
225,268,0.125
225,279,0.125
225,295,0.125
225,329,0.125
225,347,0.125
225,437,0.125
225,516,0.125
279,143,0.166666667
279,225,0.166666667
279,303,0.166666667
279,305,0.166666667
279,437,0.166666667
279,490,0.166666667
490,98,0.25
490,279,0.25
490,303,0.25
490,305,0.25
516,59,0.2
516,99,0.2
516,225,0.2
516,329,0.2
516,347,0.2
99,56,0.142857143
99,59,0.142857143
99,226,0.142857143
99,329,0.142857143
99,336,0.142857143
99,459,0.142857143
99,516,0.142857143
131,226,0.2
131,324,0.2
131,356,0.2
131,459,0.2
131,519,0.2
459,56,0.2
459,99,0.2
459,131,0.2
459,226,0.2
459,324,0.2
324,56,0.166666667
324,131,0.166666667
324,208,0.166666667
324,356,0.166666667
324,362,0.166666667
324,459,0.166666667
233,56,0.2
233,114,0.2
233,261,0.2
233,329,0.2
233,335,0.2
56,99,0.125
56,208,0.125
56,233,0.125
56,324,0.125
56,329,0.125
56,335,0.125
56,357,0.125
56,459,0.125
208,56,0.25
208,324,0.25
208,357,0.25
208,362,0.25
335,56,0.2
335,97,0.2
335,233,0.2
335,261,0.2
335,357,0.2
357,12,0.142857143
357,56,0.142857143
357,97,0.142857143
357,208,0.142857143
357,335,0.142857143
357,362,0.142857143
357,510,0.142857143
97,261,0.25
97,335,0.25
97,357,0.25
97,510,0.25
510,12,0.333333333
510,97,0.333333333
510,357,0.333333333
305,98,0.142857143
305,146,0.142857143
305,279,0.142857143
305,344,0.142857143
305,437,0.142857143
305,490,0.142857143
305,498,0.142857143
437,114,0.142857143
437,225,0.142857143
437,279,0.142857143
437,305,0.142857143
437,329,0.142857143
437,470,0.142857143
437,498,0.142857143
329,56,0.142857143
329,99,0.142857143
329,114,0.142857143
329,225,0.142857143
329,233,0.142857143
329,437,0.142857143
329,516,0.142857143
344,146,0.2
344,178,0.2
344,305,0.2
344,494,0.2
344,498,0.2
498,80,0.142857143
498,305,0.142857143
498,344,0.142857143
498,354,0.142857143
498,437,0.142857143
498,470,0.142857143
498,494,0.142857143
470,80,0.25
470,114,0.25
470,437,0.25
470,498,0.25
114,80,0.142857143
114,233,0.142857143
114,261,0.142857143
114,329,0.142857143
114,437,0.142857143
114,470,0.142857143
114,515,0.142857143
80,114,0.2
80,354,0.2
80,470,0.2
80,498,0.2
80,515,0.2
354,80,0.25
354,267,0.25
354,494,0.25
354,498,0.25
515,80,0.333333333
515,114,0.333333333
515,261,0.333333333
261,97,0.2
261,114,0.2
261,233,0.2
261,335,0.2
261,515,0.2
79,4,0.166666667
79,136,0.166666667
79,195,0.166666667
79,238,0.166666667
79,280,0.166666667
79,330,0.166666667
195,79,0.2
195,136,0.2
195,325,0.2
195,330,0.2
195,424,0.2
424,48,0.25
424,195,0.25
424,415,0.25
424,443,0.25
415,63,0.2
415,168,0.2
415,321,0.2
415,372,0.2
415,424,0.2
330,79,0.166666667
330,195,0.166666667
330,254,0.166666667
330,280,0.166666667
330,307,0.166666667
330,325,0.166666667
325,184,0.166666667
325,195,0.166666667
325,307,0.166666667
325,330,0.166666667
325,381,0.166666667
325,443,0.166666667
443,63,0.2
443,184,0.2
443,190,0.2
443,325,0.2
443,424,0.2
63,284,0.2
63,314,0.2
63,321,0.2
63,415,0.2
63,443,0.2
307,189,0.2
307,254,0.2
307,325,0.2
307,330,0.2
307,381,0.2
184,190,0.166666667
184,325,0.166666667
184,334,0.166666667
184,381,0.166666667
184,443,0.166666667
184,474,0.166666667
381,184,0.166666667
381,189,0.166666667
381,258,0.166666667
381,307,0.166666667
381,325,0.166666667
381,474,0.166666667
190,184,0.25
190,314,0.25
190,334,0.25
190,443,0.25
314,63,0.2
314,130,0.2
314,190,0.2
314,284,0.2
314,368,0.2
88,253,0.2
88,360,0.2
88,385,0.2
88,430,0.2
88,488,0.2
280,4,0.2
280,79,0.2
280,254,0.2
280,265,0.2
280,330,0.2
488,88,0.142857143
488,128,0.142857143
488,186,0.142857143
488,253,0.142857143
488,265,0.142857143
488,360,0.142857143
488,429,0.142857143
265,186,0.25
265,280,0.25
265,488,0.25
265,503,0.25
253,88,0.2
253,128,0.2
253,276,0.2
253,385,0.2
253,488,0.2
128,253,0.2
128,276,0.2
128,401,0.2
128,488,0.2
128,503,0.2
254,189,0.166666667
254,280,0.166666667
254,294,0.166666667
254,307,0.166666667
254,330,0.166666667
254,503,0.166666667
503,128,0.2
503,254,0.2
503,265,0.2
503,294,0.2
503,401,0.2
189,127,0.166666667
189,254,0.166666667
189,258,0.166666667
189,294,0.166666667
189,307,0.166666667
189,381,0.166666667
276,47,0.142857143
276,128,0.142857143
276,253,0.142857143
276,385,0.142857143
276,387,0.142857143
276,401,0.142857143
276,431,0.142857143
401,128,0.166666667
401,275,0.166666667
401,276,0.166666667
401,294,0.166666667
401,387,0.166666667
401,503,0.166666667
294,127,0.125
294,189,0.125
294,213,0.125
294,251,0.125
294,254,0.125
294,275,0.125
294,401,0.125
294,503,0.125
127,189,0.25
127,213,0.25
127,258,0.25
127,294,0.25
258,127,0.166666667
258,189,0.166666667
258,213,0.166666667
258,310,0.166666667
258,381,0.166666667
258,474,0.166666667
474,184,0.166666667
474,196,0.166666667
474,258,0.166666667
474,310,0.166666667
474,334,0.166666667
474,381,0.166666667
334,184,0.2
334,190,0.2
334,333,0.2
334,368,0.2
334,474,0.2
368,130,0.2
368,314,0.2
368,326,0.2
368,334,0.2
368,479,0.2
310,129,0.166666667
310,196,0.166666667
310,213,0.166666667
310,258,0.166666667
310,283,0.166666667
310,474,0.166666667
196,10,0.2
196,129,0.2
196,310,0.2
196,333,0.2
196,474,0.2
326,126,0.2
326,333,0.2
326,368,0.2
326,382,0.2
326,479,0.2
333,10,0.2
333,126,0.2
333,196,0.2
333,326,0.2
333,334,0.2
283,82,0.166666667
283,129,0.166666667
283,213,0.166666667
283,310,0.166666667
283,434,0.166666667
283,506,0.166666667
129,10,0.166666667
129,196,0.166666667
129,283,0.166666667
129,310,0.166666667
129,345,0.166666667
129,434,0.166666667
10,126,0.166666667
10,129,0.166666667
10,196,0.166666667
10,312,0.166666667
10,333,0.166666667
10,345,0.166666667
126,10,0.142857143
126,74,0.142857143
126,256,0.142857143
126,312,0.142857143
126,326,0.142857143
126,333,0.142857143
126,382,0.142857143
434,124,0.166666667
434,129,0.166666667
434,283,0.166666667
434,297,0.166666667
434,345,0.166666667
434,506,0.166666667
345,10,0.166666667
345,124,0.166666667
345,129,0.166666667
345,237,0.166666667
345,312,0.166666667
345,434,0.166666667
431,47,0.2
431,173,0.2
431,260,0.2
431,276,0.2
431,387,0.2
387,203,0.166666667
387,260,0.166666667
387,275,0.166666667
387,276,0.166666667
387,401,0.166666667
387,431,0.166666667
275,82,0.166666667
275,203,0.166666667
275,251,0.166666667
275,294,0.166666667
275,387,0.166666667
275,401,0.166666667
251,82,0.25
251,213,0.25
251,275,0.25
251,294,0.25
213,82,0.142857143
213,127,0.142857143
213,251,0.142857143
213,258,0.142857143
213,283,0.142857143
213,294,0.142857143
213,310,0.142857143
260,49,0.142857143
260,173,0.142857143
260,203,0.142857143
260,387,0.142857143
260,431,0.142857143
260,451,0.142857143
260,532,0.142857143
203,19,0.166666667
203,82,0.166666667
203,260,0.166666667
203,275,0.166666667
203,387,0.166666667
203,451,0.166666667
82,19,0.142857143
82,203,0.142857143
82,213,0.142857143
82,251,0.142857143
82,275,0.142857143
82,283,0.142857143
82,506,0.142857143
19,82,0.142857143
19,203,0.142857143
19,281,0.142857143
19,287,0.142857143
19,374,0.142857143
19,451,0.142857143
19,506,0.142857143
451,19,0.2
451,203,0.2
451,260,0.2
451,315,0.2
451,532,0.2
506,19,0.166666667
506,82,0.166666667
506,283,0.166666667
506,297,0.166666667
506,374,0.166666667
506,434,0.166666667
532,49,0.142857143
532,191,0.142857143
532,240,0.142857143
532,260,0.142857143
532,315,0.142857143
532,451,0.142857143
532,458,0.142857143
384,201,0.166666667
384,413,0.166666667
384,454,0.166666667
384,466,0.166666667
384,491,0.166666667
384,513,0.166666667
454,201,0.2
454,384,0.2
454,385,0.2
454,430,0.2
454,466,0.2
413,46,0.142857143
413,200,0.142857143
413,366,0.142857143
413,384,0.142857143
413,462,0.142857143
413,465,0.142857143
413,513,0.142857143
385,47,0.125
385,88,0.125
385,253,0.125
385,276,0.125
385,383,0.125
385,430,0.125
385,454,0.125
385,466,0.125
513,244,0.2
513,384,0.2
513,413,0.2
513,465,0.2
513,466,0.2
466,244,0.166666667
466,383,0.166666667
466,384,0.166666667
466,385,0.166666667
466,454,0.166666667
466,513,0.166666667
465,220,0.166666667
465,244,0.166666667
465,366,0.166666667
465,413,0.166666667
465,419,0.166666667
465,513,0.166666667
244,383,0.166666667
244,419,0.166666667
244,427,0.166666667
244,465,0.166666667
244,466,0.166666667
244,513,0.166666667
383,47,0.166666667
383,212,0.166666667
383,244,0.166666667
383,385,0.166666667
383,427,0.166666667
383,466,0.166666667
47,173,0.166666667
47,212,0.166666667
47,276,0.166666667
47,383,0.166666667
47,385,0.166666667
47,431,0.166666667
319,38,0.166666667
319,132,0.166666667
319,200,0.166666667
319,241,0.166666667
319,351,0.166666667
319,484,0.166666667
350,22,0.25
350,132,0.25
350,158,0.25
350,351,0.25
351,22,0.166666667
351,132,0.166666667
351,241,0.166666667
351,319,0.166666667
351,350,0.166666667
351,423,0.166666667
200,46,0.166666667
200,241,0.166666667
200,319,0.166666667
200,413,0.166666667
200,462,0.166666667
200,484,0.166666667
241,46,0.125
241,53,0.125
241,200,0.125
241,222,0.125
241,319,0.125
241,351,0.125
241,366,0.125
241,423,0.125
46,200,0.25
46,241,0.25
46,366,0.25
46,413,0.25
22,350,0.25
22,351,0.25
22,423,0.25
22,456,0.25
423,22,0.2
423,222,0.2
423,241,0.2
423,351,0.2
423,456,0.2
366,44,0.125
366,46,0.125
366,53,0.125
366,100,0.125
366,220,0.125
366,241,0.125
366,413,0.125
366,465,0.125
456,22,0.25
456,26,0.25
456,222,0.25
456,423,0.25
222,26,0.166666667
222,53,0.166666667
222,241,0.166666667
222,423,0.166666667
222,456,0.166666667
222,502,0.166666667
53,44,0.2
53,222,0.2
53,241,0.2
53,366,0.2
53,502,0.2
419,45,0.166666667
419,220,0.166666667
419,244,0.166666667
419,397,0.166666667
419,427,0.166666667
419,465,0.166666667
427,45,0.166666667
427,212,0.166666667
427,244,0.166666667
427,318,0.166666667
427,383,0.166666667
427,419,0.166666667
212,47,0.2
212,173,0.2
212,318,0.2
212,383,0.2
212,427,0.2
220,100,0.166666667
220,179,0.166666667
220,366,0.166666667
220,397,0.166666667
220,419,0.166666667
220,465,0.166666667
173,47,0.166666667
173,49,0.166666667
173,212,0.166666667
173,260,0.166666667
173,318,0.166666667
173,431,0.166666667
45,318,0.166666667
45,395,0.166666667
45,397,0.166666667
45,419,0.166666667
45,427,0.166666667
45,509,0.166666667
397,45,0.166666667
397,179,0.166666667
397,220,0.166666667
397,359,0.166666667
397,419,0.166666667
397,509,0.166666667
318,45,0.142857143
318,49,0.142857143
318,173,0.142857143
318,212,0.142857143
318,395,0.142857143
318,427,0.142857143
318,433,0.142857143
49,173,0.166666667
49,260,0.166666667
49,318,0.166666667
49,433,0.166666667
49,458,0.166666667
49,532,0.166666667
395,45,0.166666667
395,227,0.166666667
395,318,0.166666667
395,433,0.166666667
395,509,0.166666667
395,529,0.166666667
509,45,0.142857143
509,66,0.142857143
509,359,0.142857143
509,395,0.142857143
509,397,0.142857143
509,420,0.142857143
509,529,0.142857143
433,49,0.2
433,227,0.2
433,318,0.2
433,395,0.2
433,458,0.2
458,49,0.2
458,191,0.2
458,227,0.2
458,433,0.2
458,532,0.2
26,222,0.25
26,292,0.25
26,456,0.25
26,502,0.25
502,26,0.166666667
502,44,0.166666667
502,53,0.166666667
502,222,0.166666667
502,292,0.166666667
502,371,0.166666667
44,53,0.166666667
44,100,0.166666667
44,176,0.166666667
44,366,0.166666667
44,371,0.166666667
44,502,0.166666667
100,44,0.2
100,176,0.2
100,179,0.2
100,220,0.2
100,366,0.2
292,26,0.25
292,197,0.25
292,371,0.25
292,502,0.25
371,44,0.142857143
371,176,0.142857143
371,197,0.142857143
371,198,0.142857143
371,291,0.142857143
371,292,0.142857143
371,502,0.142857143
176,44,0.166666667
176,100,0.166666667
176,179,0.166666667
176,291,0.166666667
176,371,0.166666667
176,464,0.166666667
179,100,0.166666667
179,176,0.166666667
179,220,0.166666667
179,359,0.166666667
179,397,0.166666667
179,464,0.166666667
197,18,0.2
197,170,0.2
197,198,0.2
197,292,0.2
197,371,0.2
198,170,0.2
198,197,0.2
198,291,0.2
198,353,0.2
198,371,0.2
291,176,0.166666667
291,198,0.166666667
291,353,0.166666667
291,371,0.166666667
291,391,0.166666667
291,464,0.166666667
464,66,0.166666667
464,176,0.166666667
464,179,0.166666667
464,291,0.166666667
464,359,0.166666667
464,391,0.166666667
359,66,0.2
359,179,0.2
359,397,0.2
359,464,0.2
359,509,0.2
312,10,0.166666667
312,126,0.166666667
312,237,0.166666667
312,256,0.166666667
312,271,0.166666667
312,345,0.166666667
256,74,0.166666667
256,126,0.166666667
256,235,0.166666667
256,271,0.166666667
256,312,0.166666667
256,378,0.166666667
297,124,0.166666667
297,206,0.166666667
297,374,0.166666667
297,434,0.166666667
297,468,0.166666667
297,506,0.166666667
124,30,0.142857143
124,237,0.142857143
124,282,0.142857143
124,297,0.142857143
124,345,0.142857143
124,434,0.142857143
124,468,0.142857143
237,30,0.166666667
237,43,0.166666667
237,124,0.166666667
237,271,0.166666667
237,312,0.166666667
237,345,0.166666667
271,43,0.2
271,237,0.2
271,256,0.2
271,312,0.2
271,378,0.2
378,43,0.166666667
378,235,0.166666667
378,256,0.166666667
378,271,0.166666667
378,365,0.166666667
378,406,0.166666667
468,124,0.25
468,206,0.25
468,282,0.25
468,297,0.25
30,43,0.2
30,124,0.2
30,237,0.2
30,282,0.2
30,405,0.2
206,68,0.125
206,106,0.125
206,167,0.125
206,209,0.125
206,282,0.125
206,297,0.125
206,374,0.125
206,468,0.125
43,15,0.142857143
43,30,0.142857143
43,237,0.142857143
43,271,0.142857143
43,365,0.142857143
43,378,0.142857143
43,405,0.142857143
282,30,0.142857143
282,106,0.142857143
282,124,0.142857143
282,147,0.142857143
282,206,0.142857143
282,405,0.142857143
282,468,0.142857143
365,15,0.166666667
365,43,0.166666667
365,52,0.166666667
365,303,0.166666667
365,378,0.166666667
365,406,0.166666667
106,68,0.2
106,147,0.2
106,206,0.2
106,282,0.2
106,317,0.2
405,15,0.142857143
405,30,0.142857143
405,43,0.142857143
405,58,0.142857143
405,147,0.142857143
405,282,0.142857143
405,398,0.142857143
15,43,0.166666667
15,50,0.166666667
15,58,0.166666667
15,303,0.166666667
15,365,0.166666667
15,405,0.166666667
303,15,0.125
303,50,0.125
303,52,0.125
303,98,0.125
303,143,0.125
303,279,0.125
303,365,0.125
303,490,0.125
147,106,0.166666667
147,282,0.166666667
147,286,0.166666667
147,317,0.166666667
147,398,0.166666667
147,405,0.166666667
374,19,0.166666667
374,206,0.166666667
374,209,0.166666667
374,287,0.166666667
374,297,0.166666667
374,506,0.166666667
315,61,0.166666667
315,240,0.166666667
315,281,0.166666667
315,451,0.166666667
315,512,0.166666667
315,532,0.166666667
281,19,0.2
281,61,0.2
281,209,0.2
281,287,0.2
281,315,0.2
287,19,0.25
287,209,0.25
287,281,0.25
287,374,0.25
240,191,0.166666667
240,306,0.166666667
240,315,0.166666667
240,355,0.166666667
240,512,0.166666667
240,532,0.166666667
512,61,0.2
512,207,0.2
512,240,0.2
512,315,0.2
512,355,0.2
209,61,0.142857143
209,167,0.142857143
209,206,0.142857143
209,281,0.142857143
209,287,0.142857143
209,363,0.142857143
209,374,0.142857143
61,207,0.166666667
61,209,0.166666667
61,281,0.166666667
61,315,0.166666667
61,363,0.166666667
61,512,0.166666667
355,207,0.2
355,240,0.2
355,306,0.2
355,438,0.2
355,512,0.2
167,68,0.25
167,206,0.25
167,209,0.25
167,363,0.25
207,61,0.166666667
207,148,0.166666667
207,355,0.166666667
207,363,0.166666667
207,438,0.166666667
207,512,0.166666667
363,61,0.142857143
363,68,0.142857143
363,148,0.142857143
363,167,0.142857143
363,207,0.142857143
363,209,0.142857143
363,439,0.142857143
68,106,0.166666667
68,167,0.166666667
68,206,0.166666667
68,317,0.166666667
68,363,0.166666667
68,439,0.166666667
50,15,0.166666667
50,58,0.166666667
50,98,0.166666667
50,146,0.166666667
50,303,0.166666667
50,379,0.166666667
58,15,0.2
58,50,0.2
58,379,0.2
58,398,0.2
58,405,0.2
98,50,0.2
98,146,0.2
98,303,0.2
98,305,0.2
98,490,0.2
398,58,0.166666667
398,134,0.166666667
398,147,0.166666667
398,286,0.166666667
398,379,0.166666667
398,405,0.166666667
286,134,0.166666667
286,147,0.166666667
286,317,0.166666667
286,375,0.166666667
286,398,0.166666667
286,418,0.166666667
146,50,0.166666667
146,98,0.166666667
146,178,0.166666667
146,305,0.166666667
146,344,0.166666667
146,379,0.166666667
379,50,0.125
379,58,0.125
379,134,0.125
379,146,0.125
379,162,0.125
379,178,0.125
379,398,0.125
379,494,0.125
178,146,0.25
178,344,0.25
178,379,0.25
178,494,0.25
134,162,0.2
134,286,0.2
134,375,0.2
134,379,0.2
134,398,0.2
494,162,0.142857143
494,178,0.142857143
494,267,0.142857143
494,344,0.142857143
494,354,0.142857143
494,379,0.142857143
494,498,0.142857143
162,134,0.25
162,267,0.25
162,379,0.25
162,494,0.25
267,162,0.333333333
267,354,0.333333333
267,494,0.333333333
148,71,0.166666667
148,207,0.166666667
148,289,0.166666667
148,363,0.166666667
148,438,0.166666667
148,439,0.166666667
438,81,0.142857143
438,148,0.142857143
438,152,0.142857143
438,207,0.142857143
438,289,0.142857143
438,306,0.142857143
438,355,0.142857143
317,68,0.142857143
317,106,0.142857143
317,147,0.142857143
317,286,0.142857143
317,418,0.142857143
317,439,0.142857143
317,499,0.142857143
439,68,0.166666667
439,71,0.166666667
439,148,0.166666667
439,317,0.166666667
439,363,0.166666667
439,499,0.166666667
81,104,0.166666667
81,152,0.166666667
81,289,0.166666667
81,300,0.166666667
81,438,0.166666667
81,482,0.166666667
289,71,0.166666667
289,81,0.166666667
289,104,0.166666667
289,148,0.166666667
289,302,0.166666667
289,438,0.166666667
71,11,0.166666667
71,148,0.166666667
71,289,0.166666667
71,302,0.166666667
71,439,0.166666667
71,499,0.166666667
418,286,0.25
418,317,0.25
418,375,0.25
418,499,0.25
104,81,0.2
104,269,0.2
104,289,0.2
104,300,0.2
104,302,0.2
499,11,0.166666667
499,71,0.166666667
499,317,0.166666667
499,375,0.166666667
499,418,0.166666667
499,439,0.166666667
302,6,0.166666667
302,11,0.166666667
302,71,0.166666667
302,104,0.166666667
302,269,0.166666667
302,289,0.166666667
269,6,0.2
269,76,0.2
269,104,0.2
269,300,0.2
269,302,0.2
11,6,0.2
11,71,0.2
11,302,0.2
11,375,0.2
11,499,0.2
375,11,0.2
375,134,0.2
375,286,0.2
375,418,0.2
375,499,0.2
6,11,0.333333333
6,269,0.333333333
6,302,0.333333333
227,86,0.166666667
227,191,0.166666667
227,395,0.166666667
227,433,0.166666667
227,458,0.166666667
227,529,0.166666667
529,192,0.2
529,227,0.2
529,395,0.2
529,420,0.2
529,509,0.2
420,66,0.2
420,96,0.2
420,192,0.2
420,509,0.2
420,529,0.2
191,86,0.166666667
191,227,0.166666667
191,240,0.166666667
191,306,0.166666667
191,458,0.166666667
191,532,0.166666667
192,13,0.142857143
192,86,0.142857143
192,96,0.142857143
192,337,0.142857143
192,420,0.142857143
192,446,0.142857143
192,529,0.142857143
86,191,0.166666667
86,192,0.166666667
86,227,0.166666667
86,306,0.166666667
86,446,0.166666667
86,497,0.166666667
306,86,0.142857143
306,152,0.142857143
306,191,0.142857143
306,240,0.142857143
306,355,0.142857143
306,438,0.142857143
306,497,0.142857143
497,86,0.2
497,152,0.2
497,306,0.2
497,414,0.2
497,446,0.2
446,13,0.166666667
446,86,0.166666667
446,192,0.166666667
446,370,0.166666667
446,414,0.166666667
446,497,0.166666667
13,31,0.142857143
13,192,0.142857143
13,337,0.142857143
13,339,0.142857143
13,370,0.142857143
13,446,0.142857143
13,457,0.142857143
152,81,0.166666667
152,306,0.166666667
152,414,0.166666667
152,438,0.166666667
152,482,0.166666667
152,497,0.166666667
370,13,0.2
370,246,0.2
370,339,0.2
370,414,0.2
370,446,0.2
414,140,0.142857143
414,152,0.142857143
414,246,0.142857143
414,370,0.142857143
414,446,0.142857143
414,482,0.142857143
414,497,0.142857143
339,13,0.25
339,137,0.25
339,370,0.25
339,457,0.25
482,81,0.2
482,140,0.2
482,152,0.2
482,300,0.2
482,414,0.2
246,137,0.166666667
246,140,0.166666667
246,270,0.166666667
246,338,0.166666667
246,370,0.166666667
246,414,0.166666667
137,246,0.25
137,270,0.25
137,339,0.25
137,477,0.25
140,150,0.166666667
140,246,0.166666667
140,300,0.166666667
140,338,0.166666667
140,414,0.166666667
140,482,0.166666667
477,111,0.25
477,137,0.25
477,247,0.25
477,457,0.25
300,76,0.142857143
300,81,0.142857143
300,104,0.142857143
300,140,0.142857143
300,150,0.142857143
300,269,0.142857143
300,482,0.142857143
338,140,0.25
338,150,0.25
338,246,0.25
338,270,0.25
270,137,0.25
270,246,0.25
270,247,0.25
270,338,0.25
150,76,0.25
150,140,0.25
150,300,0.25
150,338,0.25
247,231,0.333333333
247,270,0.333333333
247,477,0.333333333
76,150,0.333333333
76,269,0.333333333
76,300,0.333333333
18,170,0.333333333
18,197,0.333333333
18,435,0.333333333
353,170,0.166666667
353,198,0.166666667
353,288,0.166666667
353,291,0.166666667
353,391,0.166666667
353,399,0.166666667
391,66,0.2
391,291,0.2
391,353,0.2
391,399,0.2
391,464,0.2
170,18,0.166666667
170,197,0.166666667
170,198,0.166666667
170,288,0.166666667
170,353,0.166666667
170,435,0.166666667
66,96,0.166666667
66,359,0.166666667
66,391,0.166666667
66,420,0.166666667
66,464,0.166666667
66,509,0.166666667
288,41,0.166666667
288,170,0.166666667
288,171,0.166666667
288,353,0.166666667
288,399,0.166666667
288,435,0.166666667
399,96,0.166666667
399,171,0.166666667
399,288,0.166666667
399,311,0.166666667
399,353,0.166666667
399,391,0.166666667
96,66,0.166666667
96,192,0.166666667
96,311,0.166666667
96,337,0.166666667
96,399,0.166666667
96,420,0.166666667
435,18,0.2
435,41,0.2
435,170,0.2
435,288,0.2
435,483,0.2
171,41,0.2
171,288,0.2
171,311,0.2
171,399,0.2
171,523,0.2
41,118,0.166666667
41,171,0.166666667
41,288,0.166666667
41,435,0.166666667
41,483,0.166666667
41,523,0.166666667
311,31,0.166666667
311,96,0.166666667
311,171,0.166666667
311,337,0.166666667
311,399,0.166666667
311,523,0.166666667
337,13,0.2
337,31,0.2
337,96,0.2
337,192,0.2
337,311,0.2
483,41,0.25
483,118,0.25
483,435,0.25
483,455,0.25
118,41,0.166666667
118,180,0.166666667
118,455,0.166666667
118,483,0.166666667
118,523,0.166666667
118,531,0.166666667
523,31,0.142857143
523,41,0.142857143
523,93,0.142857143
523,118,0.142857143
523,171,0.142857143
523,180,0.142857143
523,311,0.142857143
31,13,0.166666667
31,93,0.166666667
31,311,0.166666667
31,337,0.166666667
31,457,0.166666667
31,523,0.166666667
457,13,0.166666667
457,31,0.166666667
457,93,0.166666667
457,111,0.166666667
457,339,0.166666667
457,477,0.166666667
93,31,0.166666667
93,111,0.166666667
93,180,0.166666667
93,204,0.166666667
93,457,0.166666667
93,523,0.166666667
204,93,0.166666667
204,111,0.166666667
204,149,0.166666667
204,180,0.166666667
204,346,0.166666667
204,495,0.166666667
111,93,0.2
111,204,0.2
111,231,0.2
111,457,0.2
111,477,0.2
231,111,0.333333333
231,149,0.333333333
231,247,0.333333333
149,204,0.25
149,221,0.25
149,231,0.25
149,495,0.25
455,118,0.25
455,252,0.25
455,483,0.25
455,531,0.25
531,118,0.166666667
531,164,0.166666667
531,180,0.166666667
531,252,0.166666667
531,346,0.166666667
531,455,0.166666667
180,93,0.166666667
180,118,0.166666667
180,204,0.166666667
180,346,0.166666667
180,523,0.166666667
180,531,0.166666667
252,16,0.25
252,164,0.25
252,455,0.25
252,531,0.25
346,164,0.2
346,180,0.2
346,204,0.2
346,495,0.2
346,531,0.2
164,16,0.2
164,252,0.2
164,346,0.2
164,495,0.2
164,531,0.2
16,164,0.5
16,252,0.5
495,149,0.2
495,164,0.2
495,204,0.2
495,221,0.2
495,346,0.2
221,149,0.5
221,495,0.5
